Employee_ID,Age,Gender,Department,Job_Role,Years_of_Experience,Monthly_Income,Job_Level,Job_Satisfaction,Work_Life_Balance,Working_Hours_per_Week,Attendance_Percentage,Training_Hours,Number_of_Trainings,Projects_Completed,Overtime_Hours,Previous_Performance_Score,Promotion_History,Years_Since_Last_Promotion,Team_Size,Performance_Score,Performance_Category
EMP-0001,30,Male,Finance,Finance Manager,8.2,11030.0,2,3,3,43.5,94.7,32.4,3,9,13.9,69.3,No,7.9,8,64.4,Medium
EMP-0002,27,Male,Human Resources,HR Business Partner,5.3,9670.0,2,3,3,35.4,92.9,52.6,4,8,0.0,72.7,No,1.6,8,66.9,Medium
EMP-0003,29,Other,Engineering,QA Engineer,8.1,9780.0,2,3,2,43.2,94.1,50.7,2,9,18.4,88.9,No,5.8,9,74.0,Medium
EMP-0004,29,Male,Human Resources,Talent Acquisition Lead,4.4,6350.0,1,1,2,45.2,97.1,43.1,3,7,25.3,82.0,No,2.9,2,61.8,Medium
EMP-0005,25,Male,Marketing,SEO Analyst,5.9,8840.0,2,3,5,42.6,80.3,31.6,1,5,6.9,55.6,No,5.8,8,62.6,Medium
EMP-0006,35,Male,Marketing,Marketing Specialist,11.3,13850.0,3,2,4,52.5,78.8,52.4,4,13,51.5,62.3,Yes,3.2,9,55.5,Low
EMP-0007,23,Female,Engineering,QA Engineer,1.4,5780.0,1,5,2,46.3,93.4,46.6,3,2,25.3,86.1,No,0.2,9,75.3,Medium
EMP-0008,33,Female,Engineering,Software Engineer,11.6,13220.0,3,5,3,37.4,74.5,33.9,1,12,0.0,90.3,No,8.0,11,76.4,Medium
EMP-0009,27,Male,Customer Support,Support Specialist,2.7,8090.0,2,5,1,44.7,96.0,41.6,2,5,18.5,93.6,No,1.7,3,71.8,Medium
EMP-0010,29,Male,Operations,Process Lead,7.5,9640.0,2,3,1,40.3,93.4,33.6,2,9,10.2,74.7,Yes,1.8,6,61.2,Medium
EMP-0011,25,Female,Human Resources,Compensation Analyst,5.5,9550.0,2,3,4,37.8,97.1,29.8,2,5,0.0,83.1,Yes,1.7,10,69.5,Medium
EMP-0012,41,Male,Finance,Finance Manager,15.6,18080.0,4,4,1,34.3,88.1,53.3,4,14,0.0,74.8,Yes,4.7,11,72.3,Medium
EMP-0013,30,Male,Sales,Sales Executive,6.5,11560.0,3,1,4,38.4,86.1,21.2,0,8,0.0,83.6,Yes,2.8,12,59.4,Low
EMP-0014,29,Female,Engineering,QA Engineer,9.7,13190.0,3,4,3,40.9,86.1,95.1,5,12,3.2,77.6,Yes,7.8,12,86.2,High
EMP-0015,27,Female,Finance,Financial Analyst,4.3,9130.0,2,3,1,43.1,95.6,31.6,1,4,19.4,70.8,Yes,3.0,7,53.0,Low
EMP-0016,30,Male,Finance,Finance Manager,7.9,10180.0,2,4,4,44.0,93.3,55.2,3,8,25.3,65.7,No,2.2,7,67.2,Medium
EMP-0017,24,Male,Marketing,Marketing Specialist,5.0,9470.0,2,5,4,47.4,77.4,29.8,1,9,31.7,87.6,No,4.4,14,75.0,Medium
EMP-0018,38,Male,Customer Support,Customer Success Manager,13.3,17040.0,4,3,3,41.8,85.9,52.5,3,12,8.8,55.0,No,7.3,12,67.6,Medium
EMP-0019,21,Male,Sales,Account Executive,0.8,5440.0,1,2,2,36.0,96.0,24.0,0,2,0.0,68.8,No,0.3,6,61.0,Medium
EMP-0020,30,Male,Engineering,Software Engineer,5.5,9410.0,2,3,5,41.7,94.1,34.6,3,7,11.4,63.3,No,3.0,5,64.5,Medium
EMP-0021,25,Male,Customer Support,Customer Success Manager,3.0,6070.0,1,3,3,54.4,82.9,10.5,0,5,55.0,61.5,No,3.0,6,39.2,Low
EMP-0022,25,Male,Customer Support,Technical Support Engineer,4.0,6740.0,1,2,3,41.2,92.0,36.2,3,8,5.3,66.7,No,1.8,8,61.8,Medium
EMP-0023,30,Female,Marketing,SEO Analyst,4.9,6710.0,1,2,4,53.4,92.6,47.4,3,7,55.0,72.4,No,4.6,10,56.8,Low
EMP-0024,32,Male,Sales,Sales Executive,6.4,11970.0,3,3,3,45.5,97.7,33.1,2,8,19.5,57.7,No,5.1,10,65.3,Medium
EMP-0025,29,Female,Sales,Sales Executive,4.2,7080.0,1,3,3,57.4,91.8,65.8,5,8,55.0,96.0,Yes,4.0,8,68.6,Medium
EMP-0026,26,Female,Marketing,Growth Manager,4.0,8500.0,2,1,1,48.0,95.6,54.5,4,8,33.7,89.4,No,3.2,11,60.6,Medium
EMP-0027,21,Female,Operations,Process Lead,2.1,6070.0,1,4,3,40.2,96.2,36.0,1,2,0.0,72.4,No,1.1,9,63.5,Medium
EMP-0028,24,Female,Customer Support,Technical Support Engineer,4.2,9580.0,2,5,4,42.1,97.7,21.3,0,8,10.0,79.5,No,0.6,11,71.2,Medium
EMP-0029,26,Male,Customer Support,Support Specialist,1.3,6540.0,1,3,4,39.9,85.6,25.3,0,3,1.3,79.2,No,1.3,10,57.1,Low
EMP-0030,29,Female,Sales,Sales Manager,4.6,9110.0,2,3,3,36.6,83.4,73.7,4,4,0.0,53.8,No,0.4,7,52.9,Low
EMP-0031,34,Male,Human Resources,HR Specialist,8.7,11200.0,2,5,4,44.5,96.8,25.6,0,7,16.3,76.7,No,5.6,10,73.4,Medium
EMP-0032,33,Male,Operations,Process Lead,8.0,13040.0,3,4,2,46.8,91.1,36.2,2,11,26.0,65.0,No,3.5,10,68.0,Medium
EMP-0033,25,Female,Marketing,Marketing Specialist,0.5,6020.0,1,3,4,46.7,88.6,33.6,3,3,25.7,85.7,Yes,0.3,13,62.1,Medium
EMP-0034,21,Male,Operations,Operations Manager,2.7,7870.0,2,5,4,40.1,89.2,53.8,4,6,4.1,72.4,No,0.8,6,70.6,Medium
EMP-0035,34,Non-Binary,Operations,Operations Manager,12.5,15890.0,4,2,2,53.3,91.4,43.9,4,12,55.0,85.9,No,3.1,8,59.1,Low
EMP-0036,32,Female,Finance,Finance Manager,11.1,13690.0,3,3,4,44.7,98.1,19.5,2,12,19.8,72.2,No,6.0,6,69.6,Medium
EMP-0037,28,Male,Operations,Logistics Coordinator,5.5,9370.0,2,4,2,47.4,94.4,43.3,2,8,32.4,67.1,No,3.3,9,70.0,Medium
EMP-0038,28,Female,Sales,Account Executive,5.2,12070.0,3,3,4,42.0,99.6,22.1,1,9,8.2,77.9,Yes,3.0,6,70.2,Medium
EMP-0039,26,Male,Marketing,Content Strategist,4.2,6680.0,1,5,3,41.1,77.3,34.6,3,8,10.9,66.5,No,2.1,13,62.5,Medium
EMP-0040,26,Female,Human Resources,Compensation Analyst,5.6,8920.0,2,3,1,41.7,77.1,46.3,4,8,8.6,77.0,Yes,0.4,11,58.6,Low
EMP-0041,24,Female,Human Resources,Talent Acquisition Lead,4.7,7500.0,1,3,4,50.2,97.5,44.5,4,7,48.1,78.1,No,3.4,9,62.1,Medium
EMP-0042,23,Female,Customer Support,Customer Success Manager,1.3,6090.0,1,3,3,45.3,83.6,10.3,1,3,32.0,60.0,No,1.1,10,40.9,Low
EMP-0043,37,Male,Operations,Process Lead,13.8,13610.0,3,2,3,35.0,90.9,33.5,2,12,0.0,59.9,No,2.1,6,62.7,Medium
EMP-0044,37,Male,Engineering,QA Engineer,11.3,15630.0,4,3,1,40.5,94.6,15.7,0,12,6.3,84.1,No,4.2,6,68.6,Medium
EMP-0045,30,Female,Sales,Business Development Rep,6.5,11550.0,3,3,3,41.2,93.2,45.7,2,6,7.6,75.6,No,4.3,12,70.5,Medium
EMP-0046,27,Female,Engineering,DevOps Engineer,7.8,10040.0,2,3,3,41.6,98.9,26.4,1,9,13.5,92.1,No,3.7,7,78.0,Medium
EMP-0047,36,Male,Sales,Business Development Rep,10.1,16550.0,4,4,5,40.2,90.0,17.8,2,12,4.0,63.2,No,2.6,8,67.7,Medium
EMP-0048,23,Female,Engineering,Senior Software Engineer,1.8,6070.0,1,2,1,30.1,93.8,60.6,4,2,0.0,82.2,No,1.5,8,59.6,Low
EMP-0049,30,Female,Sales,Sales Executive,4.8,6820.0,1,2,3,45.2,99.2,78.5,5,6,19.8,69.5,No,1.8,12,66.4,Medium
EMP-0050,30,Female,Operations,Process Lead,6.2,8890.0,2,1,3,40.6,82.4,47.6,3,5,0.0,48.3,No,6.0,7,43.6,Low
EMP-0051,29,Male,Customer Support,Support Specialist,6.0,10730.0,2,3,2,38.0,89.5,95.6,7,7,0.0,61.6,No,3.5,11,62.7,Medium
EMP-0052,34,Male,Marketing,Content Strategist,9.9,13610.0,3,2,4,43.9,97.3,43.5,2,12,18.3,67.3,No,1.3,11,66.9,Medium
EMP-0053,26,Female,Human Resources,HR Business Partner,4.7,9790.0,2,4,2,35.3,95.7,13.0,0,7,0.0,80.9,Yes,4.0,11,66.1,Medium
EMP-0054,29,Male,Operations,Logistics Coordinator,4.1,5900.0,1,1,2,42.4,79.8,13.9,0,6,12.0,73.6,No,1.7,12,47.8,Low
EMP-0055,29,Female,Sales,Business Development Rep,9.6,10780.0,2,2,4,37.7,92.7,23.9,0,12,0.0,47.2,No,7.9,11,55.9,Low
EMP-0056,30,Female,Engineering,Software Engineer,4.7,6790.0,1,5,4,48.8,91.6,44.2,2,6,44.4,71.7,No,1.9,7,68.2,Medium
EMP-0057,28,Male,Customer Support,Customer Success Manager,4.2,6920.0,1,4,3,45.2,92.3,30.3,3,6,24.4,69.3,No,3.2,6,61.0,Medium
EMP-0058,24,Female,Engineering,Tech Lead,4.9,8500.0,2,5,2,42.7,82.2,72.8,4,7,12.7,84.4,No,4.2,10,72.0,Medium
EMP-0059,29,Male,Human Resources,Compensation Analyst,5.4,8580.0,2,4,1,32.7,94.5,18.3,0,6,0.0,94.5,No,3.7,7,77.2,Medium
EMP-0060,33,Male,Operations,Supply Chain Analyst,9.7,11140.0,2,3,3,41.1,98.2,83.8,6,11,6.3,87.2,No,1.6,5,74.8,Medium
EMP-0061,30,Female,Finance,Accountant,6.1,9190.0,2,3,3,30.4,93.7,34.9,2,8,0.0,71.0,Yes,3.0,4,62.6,Medium
EMP-0062,34,Male,Customer Support,Technical Support Engineer,9.4,10340.0,2,4,2,42.4,96.2,57.9,5,9,11.6,66.0,Yes,4.5,12,66.7,Medium
EMP-0063,21,Non-Binary,Human Resources,HR Specialist,2.3,5640.0,1,4,3,37.4,95.3,35.1,2,3,0.0,60.1,Yes,2.0,10,61.8,Medium
EMP-0064,28,Male,Customer Support,Support Specialist,3.4,8190.0,2,4,1,43.3,96.5,39.7,2,5,13.3,91.5,Yes,1.9,10,77.2,Medium
EMP-0065,28,Female,Finance,Auditor,3.3,6380.0,1,3,3,46.3,66.8,35.7,3,7,29.6,96.7,No,2.9,12,58.9,Low
EMP-0066,40,Male,Engineering,DevOps Engineer,15.1,17200.0,4,5,3,43.9,96.1,12.4,0,15,17.7,85.9,Yes,4.3,6,82.2,High
EMP-0067,31,Male,Marketing,Marketing Specialist,7.1,12300.0,3,3,1,43.4,91.5,16.1,2,8,14.8,75.4,No,1.7,10,67.1,Medium
EMP-0068,26,Female,Marketing,SEO Analyst,2.6,6190.0,1,3,2,48.0,93.3,43.8,2,3,34.5,83.7,No,2.2,8,62.1,Medium
EMP-0069,25,Male,Marketing,Marketing Specialist,4.4,8610.0,2,5,4,42.2,87.2,99.6,8,6,7.6,65.9,Yes,2.7,10,75.8,Medium
EMP-0070,31,Male,Human Resources,Talent Acquisition Lead,7.5,10710.0,2,5,3,44.4,89.8,28.1,3,7,24.1,54.8,No,0.5,11,65.5,Medium
EMP-0071,40,Female,Engineering,DevOps Engineer,19.6,18820.0,4,3,2,48.2,97.9,37.6,1,20,36.0,70.8,No,7.4,12,67.4,Medium
EMP-0072,31,Female,Operations,Logistics Coordinator,9.0,10820.0,2,2,3,30.7,97.7,27.8,2,12,0.0,66.8,Yes,3.0,9,60.7,Medium
EMP-0073,25,Male,Operations,Process Lead,5.8,9830.0,2,4,2,40.5,86.3,25.9,0,9,8.1,76.9,No,2.4,7,69.6,Medium
EMP-0074,30,Male,Operations,Process Lead,7.8,8930.0,2,2,4,36.7,94.7,29.1,2,11,0.0,66.1,No,6.6,9,56.4,Low
EMP-0075,21,Male,Finance,Finance Manager,1.6,8310.0,2,4,4,39.8,91.4,6.4,0,6,0.8,81.0,No,0.6,6,68.3,Medium
EMP-0076,30,Non-Binary,Customer Support,Technical Support Engineer,6.6,9120.0,2,3,3,47.0,87.9,116.8,9,10,37.3,57.5,No,2.5,6,60.8,Medium
EMP-0077,38,Male,Operations,Operations Manager,16.4,20300.0,5,4,3,41.2,91.2,5.0,1,18,4.3,73.4,Yes,6.2,10,71.5,Medium
EMP-0078,30,Female,Marketing,Marketing Specialist,6.2,10050.0,2,2,2,47.0,86.0,43.1,2,8,34.8,79.7,No,4.7,9,61.4,Medium
EMP-0079,27,Male,Operations,Logistics Coordinator,4.7,6570.0,1,4,1,37.9,88.8,55.3,3,6,0.0,87.6,Yes,4.4,12,72.8,Medium
EMP-0080,33,Male,Sales,Business Development Rep,10.0,11840.0,3,3,3,50.5,88.8,41.1,2,10,47.7,80.1,No,3.3,10,64.3,Medium
EMP-0081,25,Non-Binary,Finance,Auditor,4.5,8590.0,2,3,5,40.9,95.3,33.6,1,5,7.7,67.9,No,1.3,9,64.6,Medium
EMP-0082,22,Male,Engineering,DevOps Engineer,2.6,5970.0,1,3,3,43.1,91.3,65.0,3,4,12.5,81.4,No,2.0,7,69.0,Medium
EMP-0083,33,Male,Finance,Financial Analyst,7.5,12520.0,3,1,3,40.4,90.2,31.6,2,7,0.7,71.1,No,5.9,6,58.5,Low
EMP-0084,31,Male,Operations,Logistics Coordinator,7.9,9740.0,2,4,3,45.2,93.0,49.5,4,7,29.5,63.7,No,7.1,11,62.5,Medium
EMP-0085,34,Female,Marketing,SEO Analyst,12.8,14240.0,3,2,3,43.5,95.9,14.1,1,14,20.9,83.3,No,0.7,9,65.9,Medium
EMP-0086,36,Non-Binary,Operations,Operations Manager,11.5,16920.0,4,3,1,32.0,94.5,45.0,4,13,0.0,74.5,No,3.6,14,70.3,Medium
EMP-0087,27,Male,Human Resources,HR Business Partner,4.6,6040.0,1,4,3,44.6,98.7,42.1,2,6,20.7,81.9,No,2.3,8,71.0,Medium
EMP-0088,32,Male,Finance,Accountant,11.9,14160.0,3,5,3,34.3,93.4,46.7,3,11,0.0,62.1,No,5.8,12,74.8,Medium
EMP-0089,28,Female,Sales,Business Development Rep,3.3,5960.0,1,4,3,44.9,92.9,53.1,4,4,21.5,82.2,Yes,1.9,5,75.9,Medium
EMP-0090,24,Male,Sales,Business Development Rep,0.5,5870.0,1,1,2,40.7,79.6,23.5,0,1,8.3,64.6,No,0.3,9,38.7,Low
EMP-0091,27,Female,Marketing,Content Strategist,7.1,10590.0,2,3,5,36.9,94.1,31.1,3,8,0.0,78.9,Yes,1.0,6,70.5,Medium
EMP-0092,23,Female,Finance,Finance Manager,3.9,9080.0,2,3,3,41.9,94.6,30.6,2,4,11.3,73.3,No,2.8,11,63.9,Medium
EMP-0093,23,Male,Marketing,SEO Analyst,2.3,5500.0,1,1,3,41.6,95.5,13.5,0,2,9.0,69.2,No,2.0,8,48.3,Low
EMP-0094,27,Other,Human Resources,Talent Acquisition Lead,2.0,6660.0,1,2,2,39.0,90.6,19.3,0,5,0.0,90.6,No,1.0,8,59.3,Low
EMP-0095,27,Female,Operations,Supply Chain Analyst,3.2,6410.0,1,3,4,37.1,92.6,9.3,0,3,0.0,97.5,No,0.9,3,67.4,Medium
EMP-0096,25,Female,Marketing,Content Strategist,2.5,6910.0,1,4,3,45.1,89.7,30.8,2,3,23.6,92.7,No,2.2,11,70.2,Medium
EMP-0097,33,Female,Finance,Auditor,10.3,13460.0,3,3,2,36.9,96.9,21.9,1,10,0.0,76.6,Yes,6.6,10,68.2,Medium
EMP-0098,33,Female,Engineering,QA Engineer,8.8,13180.0,3,4,4,40.3,95.7,67.9,4,8,13.0,78.4,No,3.9,6,73.4,Medium
EMP-0099,28,Male,Operations,Supply Chain Analyst,5.6,8860.0,2,5,4,38.0,97.7,5.7,0,9,0.0,79.9,No,5.1,11,75.1,Medium
EMP-0100,25,Female,Engineering,QA Engineer,4.3,5540.0,1,4,3,36.2,92.6,59.4,4,4,0.0,63.1,Yes,3.8,7,60.1,Medium
EMP-0101,24,Male,Customer Support,Customer Success Manager,2.8,5570.0,1,3,3,50.9,88.5,38.9,1,3,48.9,84.2,No,2.6,16,58.7,Low
EMP-0102,31,Female,Engineering,Software Engineer,6.8,10940.0,3,4,3,40.6,97.1,30.8,3,7,5.5,83.3,Yes,0.6,10,65.4,Medium
EMP-0103,23,Male,Marketing,SEO Analyst,3.5,5320.0,1,5,3,43.1,99.1,34.1,2,7,15.9,67.6,No,1.4,7,66.2,Medium
EMP-0104,37,Male,Sales,Sales Executive,11.8,14120.0,3,3,3,43.1,96.5,20.8,2,11,14.7,83.4,No,1.7,10,70.1,Medium
EMP-0105,22,Female,Operations,Operations Manager,2.1,5490.0,1,4,4,40.7,90.2,8.9,1,6,8.9,71.1,No,1.8,9,65.4,Medium
EMP-0106,30,Female,Operations,Process Lead,7.9,10540.0,2,4,5,44.6,84.6,21.7,0,9,18.3,76.6,No,1.2,6,70.5,Medium
EMP-0107,36,Male,Human Resources,HR Specialist,12.0,14200.0,3,2,3,43.3,89.5,87.6,6,12,9.6,68.4,No,4.1,10,77.2,Medium
EMP-0108,23,Female,Operations,Supply Chain Analyst,3.7,6920.0,1,4,5,44.0,95.9,14.3,1,5,15.9,54.9,No,0.3,11,64.2,Medium
EMP-0109,32,Female,Customer Support,Support Specialist,6.4,12250.0,3,1,3,43.2,93.8,8.7,1,10,16.4,71.5,No,6.3,4,54.5,Low
EMP-0110,24,Female,Finance,Accountant,3.8,7210.0,1,1,2,35.8,94.4,18.1,1,8,0.0,90.6,No,1.3,3,61.5,Medium
EMP-0111,22,Female,Engineering,Senior Software Engineer,2.1,4770.0,1,4,4,43.5,87.6,31.0,3,5,10.9,92.7,No,1.8,9,79.9,Medium
EMP-0112,40,Female,Customer Support,Customer Success Manager,13.9,16230.0,4,2,4,46.3,87.7,28.3,3,12,29.2,66.4,Yes,7.2,8,64.5,Medium
EMP-0113,34,Female,Human Resources,HR Business Partner,13.0,16610.0,4,4,4,40.8,94.2,20.8,2,15,1.8,65.9,No,6.1,10,71.7,Medium
EMP-0114,25,Female,Engineering,QA Engineer,0.8,4770.0,1,4,5,45.6,84.8,28.4,3,4,23.2,87.4,No,0.7,9,68.1,Medium
EMP-0115,24,Male,Marketing,Content Strategist,4.6,6580.0,1,3,1,47.5,87.8,35.3,1,6,38.6,99.0,No,2.2,9,64.2,Medium
EMP-0116,27,Other,Sales,Business Development Rep,6.3,9770.0,2,2,5,35.8,62.0,25.2,1,8,0.0,63.6,No,5.6,9,55.8,Low
EMP-0117,31,Male,Engineering,QA Engineer,6.8,9490.0,2,5,2,45.4,76.7,17.2,2,8,28.8,76.1,No,3.9,7,58.8,Low
EMP-0118,25,Female,Finance,Financial Analyst,4.6,9050.0,2,3,2,40.4,92.2,41.7,1,7,4.5,57.4,Yes,2.7,9,59.9,Low
EMP-0119,30,Male,Operations,Supply Chain Analyst,6.5,11730.0,3,2,3,43.9,90.3,87.7,6,8,19.8,75.8,No,4.7,8,69.7,Medium
EMP-0120,34,Male,Human Resources,HR Business Partner,10.9,13250.0,3,5,5,49.5,85.9,42.0,3,12,40.8,54.7,No,1.5,15,71.7,Medium
EMP-0121,30,Male,Human Resources,Talent Acquisition Lead,6.8,9580.0,2,4,3,40.2,89.9,26.8,2,8,0.0,79.9,Yes,2.3,8,73.5,Medium
EMP-0122,26,Female,Finance,Finance Manager,4.8,8400.0,2,2,3,37.9,75.8,71.2,4,5,0.0,68.8,No,3.9,5,60.4,Medium
EMP-0123,28,Non-Binary,Customer Support,Technical Support Engineer,3.7,8630.0,2,1,1,45.2,96.0,32.6,2,6,18.1,84.5,No,0.4,8,52.0,Low
EMP-0124,26,Male,Marketing,Marketing Specialist,3.2,5790.0,1,2,1,34.3,98.0,50.5,4,6,0.0,84.1,No,1.9,8,64.6,Medium
EMP-0125,29,Male,Finance,Finance Manager,6.0,8870.0,2,2,2,36.0,93.5,14.6,2,7,0.0,89.4,No,0.7,14,58.7,Low
EMP-0126,24,Male,Engineering,Tech Lead,1.3,7590.0,2,1,4,44.8,96.2,23.9,0,3,20.0,83.8,No,0.2,3,62.5,Medium
EMP-0127,29,Male,Engineering,Senior Software Engineer,5.2,9760.0,2,1,4,43.1,93.0,6.5,0,8,14.2,90.8,Yes,3.8,9,63.8,Medium
EMP-0128,31,Male,Operations,Supply Chain Analyst,6.9,12170.0,3,3,3,44.5,88.3,17.7,2,9,21.8,66.2,No,4.7,9,65.0,Medium
EMP-0129,28,Female,Customer Support,Technical Support Engineer,3.3,5780.0,1,2,4,42.4,98.5,24.2,2,5,12.4,47.5,No,2.9,11,48.3,Low
EMP-0130,26,Female,Human Resources,Compensation Analyst,6.7,12000.0,3,4,4,40.6,95.2,19.8,2,7,4.3,62.4,Yes,4.4,7,61.4,Medium
EMP-0131,22,Female,Sales,Sales Manager,3.3,5590.0,1,5,4,49.4,99.0,42.9,2,7,43.2,93.8,No,1.2,10,78.2,Medium
EMP-0132,23,Non-Binary,Sales,Sales Executive,2.6,5620.0,1,2,5,41.5,97.9,98.1,6,4,7.9,66.9,No,0.6,7,70.1,Medium
EMP-0133,39,Female,Human Resources,HR Specialist,13.0,14600.0,3,5,3,47.0,92.0,10.0,1,13,29.7,65.2,No,4.8,9,68.7,Medium
EMP-0134,28,Male,Customer Support,Support Specialist,7.8,11840.0,3,4,4,33.4,89.3,23.3,1,11,0.0,52.8,No,0.4,7,65.0,Medium
EMP-0135,21,Female,Customer Support,Customer Success Manager,1.8,7900.0,2,3,4,47.7,73.9,12.2,0,3,36.1,79.6,No,0.3,9,49.2,Low
EMP-0136,26,Male,Operations,Process Lead,3.6,8490.0,2,2,3,44.4,96.8,45.5,2,7,23.6,79.8,No,1.3,11,71.2,Medium
EMP-0137,32,Male,Operations,Operations Manager,9.6,10200.0,2,3,3,50.4,97.9,9.8,0,9,46.0,80.8,No,3.9,10,63.4,Medium
EMP-0138,31,Male,Engineering,Software Engineer,6.7,9710.0,2,4,2,37.6,92.4,38.4,2,10,0.0,82.6,No,3.9,6,74.6,Medium
EMP-0139,39,Male,Finance,Financial Analyst,13.9,14370.0,3,3,3,51.8,79.9,12.1,1,14,55.0,87.3,No,2.2,11,54.5,Low
EMP-0140,29,Female,Engineering,Senior Software Engineer,5.4,9180.0,2,3,2,42.5,80.8,12.2,0,7,9.4,83.4,No,1.8,9,57.2,Low
EMP-0141,36,Male,Finance,Accountant,11.6,13700.0,3,2,2,35.0,83.0,61.2,5,12,0.0,93.5,Yes,6.5,7,75.7,Medium
EMP-0142,21,Female,Customer Support,Customer Success Manager,1.1,7260.0,2,3,3,44.3,97.5,30.2,2,1,20.6,78.6,No,0.7,9,59.6,Low
EMP-0143,25,Female,Engineering,QA Engineer,3.4,8420.0,2,5,3,43.4,95.1,23.9,1,3,14.8,82.6,Yes,2.6,10,70.3,Medium
EMP-0144,29,Male,Marketing,SEO Analyst,5.0,11520.0,3,5,2,44.7,92.9,70.4,6,7,23.5,88.6,Yes,1.2,9,88.1,High
EMP-0145,26,Other,Marketing,Growth Manager,5.0,11960.0,3,3,4,46.8,93.9,35.8,3,9,28.8,85.0,No,0.9,6,68.6,Medium
EMP-0146,34,Male,Sales,Account Executive,10.1,13060.0,3,1,3,28.4,86.6,41.2,2,10,0.0,83.7,Yes,5.4,6,69.1,Medium
EMP-0147,21,Male,Sales,Sales Executive,0.9,7950.0,2,2,2,44.9,97.7,28.6,3,3,23.0,90.0,No,0.2,6,66.8,Medium
EMP-0148,23,Male,Sales,Account Executive,3.2,7540.0,2,4,3,41.7,99.6,27.5,0,7,7.6,84.1,No,2.8,5,73.6,Medium
EMP-0149,24,Male,Operations,Logistics Coordinator,2.3,6470.0,1,5,3,40.0,94.2,26.0,0,4,0.0,64.2,No,2.1,9,65.4,Medium
EMP-0150,29,Female,Sales,Business Development Rep,4.3,6710.0,1,3,2,34.6,90.6,32.7,1,7,0.0,52.3,Yes,0.7,8,58.5,Low
EMP-0151,28,Male,Finance,Financial Analyst,7.3,9930.0,2,4,3,42.4,93.0,52.0,2,10,8.6,85.4,No,1.3,8,72.2,Medium
EMP-0152,23,Female,Engineering,DevOps Engineer,2.8,6490.0,1,2,4,48.0,94.1,19.8,0,3,32.3,71.9,No,2.4,9,53.4,Low
EMP-0153,21,Male,Sales,Sales Executive,1.5,5600.0,1,3,4,44.5,87.1,37.0,3,5,22.0,82.2,Yes,0.8,14,64.6,Medium
EMP-0154,36,Female,Finance,Accountant,12.3,16460.0,4,3,1,40.7,69.0,14.4,1,10,3.1,81.2,Yes,4.0,13,59.8,Low
EMP-0155,23,Female,Human Resources,Talent Acquisition Lead,2.1,9090.0,2,4,3,41.1,98.6,31.8,2,6,7.8,67.4,No,0.8,8,57.2,Low
EMP-0156,25,Female,Finance,Financial Analyst,2.2,8430.0,2,4,4,42.2,96.8,33.4,1,2,12.0,64.1,No,1.8,9,64.4,Medium
EMP-0157,22,Male,Finance,Finance Manager,3.4,7970.0,1,3,3,35.9,93.7,18.4,0,7,0.0,71.3,No,2.5,7,64.8,Medium
EMP-0158,36,Female,Operations,Process Lead,11.0,12850.0,3,3,3,37.7,96.0,34.4,2,9,0.0,66.6,No,6.7,6,62.7,Medium
EMP-0159,29,Male,Sales,Sales Executive,5.1,9630.0,2,3,3,42.9,91.4,33.2,2,7,16.3,63.4,Yes,0.5,11,57.2,Low
EMP-0160,36,Male,Human Resources,Talent Acquisition Lead,12.2,13050.0,3,4,3,39.2,90.2,52.4,4,13,0.0,68.9,Yes,2.5,7,73.0,Medium
EMP-0161,25,Male,Marketing,SEO Analyst,0.9,7910.0,2,3,1,43.7,91.4,27.7,1,3,13.0,59.4,Yes,0.4,10,49.3,Low
EMP-0162,21,Other,Sales,Business Development Rep,2.3,6330.0,1,4,4,34.9,92.7,10.1,0,5,0.0,71.3,No,0.9,8,55.8,Low
EMP-0163,31,Male,Engineering,DevOps Engineer,5.9,10350.0,3,3,4,42.3,85.6,24.0,1,8,5.8,93.1,No,4.5,7,72.6,Medium
EMP-0164,32,Male,Operations,Operations Manager,6.9,11080.0,3,3,4,42.1,85.5,20.0,0,9,8.0,86.6,No,3.3,6,66.2,Medium
EMP-0165,31,Female,Finance,Auditor,11.6,16190.0,4,2,3,35.0,87.2,52.9,3,12,0.0,71.2,No,7.4,10,66.0,Medium
EMP-0166,27,Male,Marketing,Marketing Specialist,3.4,6350.0,1,4,3,47.0,87.0,35.4,2,4,29.0,74.3,Yes,2.6,8,62.3,Medium
EMP-0167,24,Male,Operations,Process Lead,3.7,8550.0,2,4,3,38.4,97.5,69.8,5,7,0.0,73.1,Yes,1.0,5,77.1,Medium
EMP-0168,40,Male,Operations,Process Lead,18.2,17990.0,4,3,5,44.1,93.2,10.0,1,17,15.9,82.8,Yes,6.7,7,86.3,High
EMP-0169,23,Male,Customer Support,Technical Support Engineer,1.4,7280.0,2,4,1,41.9,83.1,25.5,1,3,14.8,85.4,No,1.1,7,65.9,Medium
EMP-0170,21,Female,Human Resources,Talent Acquisition Lead,1.5,6120.0,1,1,3,46.2,88.9,16.3,0,6,27.4,75.1,No,1.1,5,53.3,Low
EMP-0171,36,Male,Human Resources,Compensation Analyst,10.3,15790.0,4,4,5,47.2,95.8,81.5,5,10,39.7,75.6,Yes,3.7,6,77.0,Medium
EMP-0172,29,Male,Human Resources,HR Business Partner,6.0,11400.0,3,4,4,43.1,92.7,61.6,5,9,13.8,75.1,No,2.7,8,74.6,Medium
EMP-0173,25,Male,Human Resources,Talent Acquisition Lead,0.5,6400.0,1,2,4,34.6,87.2,26.4,0,2,0.0,63.2,No,0.4,11,50.0,Low
EMP-0174,26,Male,Sales,Sales Manager,1.7,5360.0,1,4,5,43.2,88.6,23.9,0,2,15.1,62.4,Yes,1.2,8,51.5,Low
EMP-0175,26,Female,Finance,Accountant,2.5,6540.0,1,2,1,43.6,95.2,15.2,0,7,15.0,76.4,No,1.0,7,59.0,Low
EMP-0176,44,Female,Operations,Supply Chain Analyst,18.6,18060.0,4,1,3,39.1,98.0,12.3,0,19,0.0,82.2,No,6.0,6,71.5,Medium
EMP-0177,30,Female,Finance,Finance Manager,5.8,9620.0,2,4,3,46.8,77.4,31.1,1,5,32.2,70.3,No,4.2,7,56.6,Low
EMP-0178,40,Female,Marketing,Marketing Specialist,13.8,14860.0,3,4,3,49.9,97.3,15.6,2,14,37.1,80.1,No,7.6,9,68.9,Medium
EMP-0179,31,Male,Operations,Supply Chain Analyst,9.1,11870.0,3,2,2,35.8,98.9,56.8,4,9,0.0,90.1,No,7.1,13,74.0,Medium
EMP-0180,31,Male,Human Resources,HR Specialist,5.7,8950.0,2,3,5,42.3,97.5,16.1,2,9,10.2,69.7,No,5.1,9,59.5,Low
EMP-0181,33,Male,Engineering,Tech Lead,9.2,10010.0,2,4,3,41.9,90.4,24.6,2,11,9.6,71.4,No,1.5,6,68.6,Medium
EMP-0182,22,Female,Sales,Sales Executive,2.5,6160.0,1,3,4,41.7,87.4,39.6,1,4,5.9,80.5,No,2.3,6,68.6,Medium
EMP-0183,32,Male,Marketing,SEO Analyst,7.1,11520.0,3,4,4,48.7,95.4,31.7,3,10,37.0,72.8,Yes,1.8,11,66.6,Medium
EMP-0184,25,Male,Operations,Supply Chain Analyst,0.5,4840.0,1,3,4,40.7,90.9,22.9,2,3,9.7,70.5,No,0.4,10,55.7,Low
EMP-0185,33,Male,Marketing,Content Strategist,11.9,15250.0,4,2,3,45.6,88.0,27.7,2,13,22.6,67.7,Yes,6.4,8,58.7,Low
EMP-0186,31,Male,Sales,Account Executive,10.4,16080.0,4,1,2,45.5,94.5,33.5,1,9,27.5,67.3,Yes,6.8,7,59.3,Low
EMP-0187,32,Female,Finance,Finance Manager,8.5,10430.0,2,5,5,45.8,90.0,55.4,2,11,28.1,68.0,No,4.9,7,77.5,Medium
EMP-0188,21,Female,Finance,Auditor,2.7,7140.0,1,2,3,51.6,96.0,38.1,2,6,52.5,71.0,No,2.1,7,49.9,Low
EMP-0189,30,Male,Finance,Finance Manager,6.4,12390.0,3,3,5,29.9,85.4,37.8,1,10,0.0,77.2,Yes,5.9,11,73.4,Medium
EMP-0190,25,Female,Operations,Process Lead,2.5,7580.0,2,3,3,38.0,94.9,25.9,0,7,0.0,81.3,No,2.2,9,63.9,Medium
EMP-0191,27,Female,Sales,Business Development Rep,6.3,11310.0,3,3,2,46.5,92.4,33.0,3,8,33.1,90.4,No,4.8,4,66.4,Medium
EMP-0192,24,Female,Customer Support,Technical Support Engineer,2.8,6340.0,1,2,1,39.1,92.0,81.4,5,5,0.0,83.0,No,2.1,8,67.4,Medium
EMP-0193,27,Male,Engineering,Software Engineer,5.6,12190.0,3,3,3,41.8,92.2,27.8,1,6,14.9,69.9,Yes,0.2,8,62.9,Medium
EMP-0194,31,Male,Human Resources,HR Specialist,9.8,10550.0,2,3,2,40.9,94.6,40.0,1,12,0.7,81.1,No,3.1,10,75.1,Medium
EMP-0195,28,Male,Sales,Account Executive,7.1,10390.0,2,4,2,45.1,88.1,54.6,4,7,20.8,75.5,No,4.0,11,72.4,Medium
EMP-0196,21,Male,Engineering,Senior Software Engineer,1.7,5170.0,1,3,4,45.4,87.6,55.0,2,2,26.1,79.3,No,0.4,10,65.1,Medium
EMP-0197,25,Female,Customer Support,Technical Support Engineer,2.4,6250.0,1,3,3,38.9,94.8,34.9,1,6,0.8,77.1,No,1.6,8,63.5,Medium
EMP-0198,30,Male,Marketing,Content Strategist,5.2,9950.0,2,5,3,39.1,89.3,41.9,1,6,0.0,67.9,No,4.8,10,68.1,Medium
EMP-0199,24,Male,Human Resources,Compensation Analyst,2.4,8020.0,2,4,2,49.6,94.9,43.6,4,4,45.2,63.9,Yes,0.8,13,62.3,Medium
EMP-0200,30,Female,Engineering,DevOps Engineer,6.3,10130.0,2,2,2,37.3,91.9,40.0,2,7,0.0,84.3,No,4.7,9,57.9,Low
EMP-0201,32,Female,Human Resources,HR Specialist,7.4,9930.0,2,1,4,41.9,94.2,35.7,2,6,8.7,63.8,Yes,7.3,14,60.3,Medium
EMP-0202,31,Female,Customer Support,Customer Success Manager,8.2,10950.0,2,4,3,41.3,90.4,9.9,0,7,3.2,83.0,Yes,1.2,6,68.0,Medium
EMP-0203,25,Male,Human Resources,HR Business Partner,2.9,5770.0,1,5,2,35.0,83.5,37.5,1,7,0.0,76.8,No,0.4,7,69.7,Medium
EMP-0204,25,Female,Marketing,Content Strategist,3.2,6320.0,1,4,5,41.3,97.4,7.1,0,6,2.2,66.6,No,0.3,4,67.0,Medium
EMP-0205,28,Female,Finance,Financial Analyst,4.2,7350.0,1,3,3,36.5,88.1,24.0,2,4,0.0,81.1,Yes,2.2,8,64.3,Medium
EMP-0206,26,Female,Marketing,SEO Analyst,4.1,9340.0,2,4,3,53.7,94.9,15.2,2,6,55.0,65.5,No,0.6,8,54.2,Low
EMP-0207,25,Female,Sales,Sales Executive,4.0,6810.0,1,4,3,42.5,97.1,78.0,6,6,16.4,64.3,No,2.1,9,79.2,Medium
EMP-0208,24,Female,Customer Support,Customer Success Manager,1.5,4910.0,1,3,4,51.6,97.1,41.9,2,5,51.5,59.3,No,0.9,7,55.3,Low
EMP-0209,27,Male,Human Resources,HR Specialist,3.0,6290.0,1,3,2,50.5,99.4,23.5,0,3,45.7,58.6,No,0.9,7,43.7,Low
EMP-0210,30,Male,Engineering,DevOps Engineer,9.0,12790.0,3,4,1,39.1,98.3,26.9,0,9,1.6,72.4,No,6.2,14,70.4,Medium
EMP-0211,25,Non-Binary,Marketing,Marketing Specialist,3.2,6290.0,1,3,4,43.7,94.6,27.3,1,7,16.6,60.8,No,3.2,9,62.3,Medium
EMP-0212,26,Female,Finance,Accountant,6.8,9230.0,2,3,5,45.8,78.2,60.5,5,6,25.3,68.6,No,2.3,4,70.0,Medium
EMP-0213,23,Female,Engineering,Senior Software Engineer,4.2,6420.0,1,4,4,37.4,97.0,49.4,3,8,0.0,69.0,No,1.7,8,67.2,Medium
EMP-0214,25,Female,Operations,Process Lead,0.7,8190.0,2,3,5,34.1,99.5,38.5,1,4,0.0,68.6,No,0.4,8,60.3,Medium
EMP-0215,35,Male,Sales,Sales Manager,10.9,13470.0,3,3,2,28.0,98.9,24.4,2,11,0.0,81.6,Yes,4.0,7,69.1,Medium
EMP-0216,22,Male,Marketing,Growth Manager,1.8,6710.0,1,3,3,41.0,90.1,29.1,3,2,4.8,64.5,No,0.7,11,57.0,Low
EMP-0217,26,Male,Sales,Sales Executive,4.4,6500.0,1,3,3,47.0,90.7,29.8,2,4,31.6,71.0,No,0.5,9,61.7,Medium
EMP-0218,22,Female,Operations,Process Lead,2.8,6840.0,1,3,3,40.4,89.5,61.6,5,5,3.3,57.3,No,2.2,5,57.2,Low
EMP-0219,23,Male,Sales,Sales Executive,3.3,8440.0,2,4,3,43.2,93.9,26.1,2,3,16.7,81.1,No,1.6,12,60.4,Medium
EMP-0220,24,Female,Engineering,Software Engineer,4.9,8570.0,2,3,3,42.5,95.5,90.1,7,6,11.7,76.5,No,1.3,5,72.5,Medium
EMP-0221,26,Male,Human Resources,HR Business Partner,5.5,8560.0,2,2,1,46.2,87.4,8.6,0,5,28.7,67.5,No,3.7,8,43.5,Low
EMP-0222,25,Female,Human Resources,Compensation Analyst,3.3,8730.0,2,4,1,35.0,93.2,47.0,4,6,0.0,87.0,No,2.1,9,72.5,Medium
EMP-0223,31,Female,Operations,Logistics Coordinator,11.4,13290.0,3,4,4,49.3,99.3,26.6,2,12,40.5,68.2,No,7.7,9,71.2,Medium
EMP-0224,25,Male,Marketing,SEO Analyst,4.4,6610.0,1,4,4,42.2,96.4,50.0,3,4,11.6,88.9,Yes,1.0,8,73.5,Medium
EMP-0225,28,Female,Marketing,Marketing Specialist,5.5,9550.0,2,3,3,41.7,91.2,7.0,0,5,9.6,70.8,No,3.9,8,60.3,Medium
EMP-0226,47,Female,Operations,Logistics Coordinator,23.3,21380.0,5,5,2,40.1,92.4,9.6,0,23,4.3,69.9,No,6.0,5,67.4,Medium
EMP-0227,37,Female,Engineering,Software Engineer,15.8,17370.0,4,4,4,46.7,97.4,33.6,3,13,24.2,59.8,Yes,6.5,7,76.9,Medium
EMP-0228,21,Female,Sales,Business Development Rep,2.3,5850.0,1,3,1,37.9,62.0,22.0,2,5,0.0,67.2,No,0.7,8,46.6,Low
EMP-0229,44,Non-Binary,Human Resources,Talent Acquisition Lead,17.4,18650.0,4,4,3,46.7,85.7,57.0,5,18,30.8,80.9,No,6.9,8,73.0,Medium
EMP-0230,37,Male,Marketing,Content Strategist,13.4,13440.0,3,4,4,50.8,95.9,24.8,1,14,51.1,76.3,Yes,6.5,5,64.0,Medium
EMP-0231,28,Male,Operations,Operations Manager,6.9,9090.0,2,3,2,50.8,98.2,22.2,2,10,47.2,79.8,No,3.9,8,56.0,Low
EMP-0232,25,Male,Marketing,Growth Manager,5.7,10010.0,2,2,3,34.7,82.1,33.9,3,7,0.0,62.8,Yes,5.7,9,49.7,Low
EMP-0233,21,Female,Customer Support,Technical Support Engineer,1.5,5100.0,1,1,3,36.1,95.4,32.4,1,5,0.0,76.4,No,1.3,15,56.7,Low
EMP-0234,29,Female,Finance,Financial Analyst,9.3,10320.0,2,3,3,42.8,86.8,29.0,3,9,11.1,68.1,No,5.0,7,61.2,Medium
EMP-0235,21,Female,Finance,Finance Manager,1.5,8270.0,2,4,3,39.6,97.3,36.7,1,6,0.0,59.3,No,0.9,10,62.7,Medium
EMP-0236,29,Female,Operations,Supply Chain Analyst,8.4,9260.0,2,3,2,41.4,91.6,61.5,3,8,10.2,85.2,Yes,4.9,11,70.3,Medium
EMP-0237,26,Female,Customer Support,Support Specialist,3.6,6690.0,1,3,2,35.6,98.7,21.9,0,7,0.0,73.4,Yes,2.1,13,66.3,Medium
EMP-0238,35,Female,Customer Support,Technical Support Engineer,10.4,14690.0,4,5,1,35.6,86.7,57.4,5,11,0.0,81.7,Yes,6.1,11,80.7,High
EMP-0239,24,Female,Finance,Finance Manager,1.8,6200.0,1,3,2,41.6,82.7,93.3,6,4,9.5,78.5,No,1.1,10,62.1,Medium
EMP-0240,31,Female,Finance,Financial Analyst,5.7,9150.0,2,3,4,47.6,95.3,37.5,3,5,34.3,73.6,No,4.3,9,63.6,Medium
EMP-0241,27,Female,Marketing,SEO Analyst,3.2,5910.0,1,4,5,43.5,91.1,15.4,1,3,13.9,94.7,Yes,2.0,4,76.3,Medium
EMP-0242,37,Female,Marketing,Growth Manager,12.8,16350.0,4,3,4,37.5,97.2,23.4,2,13,0.0,73.5,Yes,4.1,11,69.9,Medium
EMP-0243,28,Female,Finance,Financial Analyst,3.0,6410.0,1,4,2,38.7,92.4,52.3,4,4,0.0,86.5,Yes,0.7,7,73.8,Medium
EMP-0244,26,Female,Customer Support,Support Specialist,5.0,9770.0,2,1,3,43.6,84.7,58.3,5,7,20.6,62.2,No,2.9,7,47.8,Low
EMP-0245,35,Male,Human Resources,Talent Acquisition Lead,12.6,14050.0,3,3,3,46.4,92.2,20.7,2,15,33.6,68.5,No,2.7,11,65.8,Medium
EMP-0246,25,Female,Sales,Sales Executive,3.2,5880.0,1,3,2,44.4,79.8,26.5,0,6,23.6,90.7,No,1.5,7,60.1,Medium
EMP-0247,29,Male,Human Resources,HR Specialist,6.4,9360.0,2,3,3,39.7,81.9,37.5,1,9,0.0,76.9,No,6.1,7,64.7,Medium
EMP-0248,26,Female,Operations,Logistics Coordinator,3.0,6060.0,1,1,4,44.7,94.2,15.3,0,7,22.2,54.6,No,2.1,11,47.2,Low
EMP-0249,24,Male,Marketing,Growth Manager,4.2,7150.0,1,2,5,47.1,90.3,15.2,0,8,26.0,79.9,No,1.4,9,54.0,Low
EMP-0250,21,Female,Sales,Sales Executive,1.5,8630.0,2,2,2,39.5,78.3,55.1,3,5,2.7,80.9,No,0.6,8,61.9,Medium
EMP-0251,22,Male,Customer Support,Customer Success Manager,3.6,9110.0,2,3,3,44.0,97.9,24.3,2,3,13.4,86.2,No,1.0,8,65.4,Medium
EMP-0252,28,Female,Customer Support,Support Specialist,8.6,10110.0,2,4,3,41.4,90.7,9.9,1,7,3.6,66.7,Yes,7.9,6,64.8,Medium
EMP-0253,28,Male,Sales,Sales Executive,3.8,9470.0,2,1,3,36.3,92.6,20.4,0,8,0.0,71.4,No,2.1,12,58.0,Low
EMP-0254,22,Male,Engineering,Software Engineer,1.6,5090.0,1,5,3,35.9,96.2,26.6,0,4,0.0,65.6,No,1.5,9,63.8,Medium
EMP-0255,24,Female,Finance,Auditor,3.2,8580.0,2,2,3,39.7,89.6,38.0,2,5,5.2,79.4,No,1.1,9,62.4,Medium
EMP-0256,25,Female,Customer Support,Support Specialist,2.5,6130.0,1,4,4,37.0,99.4,17.1,0,5,0.0,85.7,No,2.5,7,70.9,Medium
EMP-0257,27,Female,Customer Support,Customer Success Manager,2.0,6610.0,1,4,3,36.4,88.8,51.5,2,5,0.0,80.7,Yes,1.4,12,71.7,Medium
EMP-0258,23,Female,Operations,Logistics Coordinator,4.1,6380.0,1,3,3,36.4,99.0,73.6,6,5,0.0,73.8,No,2.9,6,76.0,Medium
EMP-0259,39,Female,Human Resources,Compensation Analyst,14.1,14410.0,3,3,3,37.4,99.3,43.3,3,12,0.0,73.2,No,2.7,7,71.2,Medium
EMP-0260,23,Female,Sales,Business Development Rep,1.5,7570.0,2,3,4,41.1,98.8,16.6,2,3,9.1,83.4,No,1.3,12,59.3,Low
EMP-0261,29,Female,Marketing,Marketing Specialist,8.8,10480.0,2,4,4,38.0,94.3,48.6,4,11,0.0,82.4,No,1.5,11,78.6,Medium
EMP-0262,26,Male,Finance,Finance Manager,1.2,4830.0,1,2,3,38.5,85.3,36.1,3,1,0.0,68.0,Yes,0.3,13,60.6,Medium
EMP-0263,26,Male,Operations,Logistics Coordinator,3.2,8060.0,2,4,3,49.0,97.9,8.5,0,7,40.2,65.5,No,3.0,10,65.2,Medium
EMP-0264,35,Female,Operations,Operations Manager,10.3,13590.0,3,3,2,42.4,98.5,18.4,2,13,16.0,73.6,Yes,5.4,9,64.1,Medium
EMP-0265,26,Male,Marketing,Marketing Specialist,2.2,8300.0,2,3,4,50.2,87.9,23.2,2,6,47.4,87.2,No,1.5,9,60.3,Medium
EMP-0266,29,Female,Marketing,SEO Analyst,8.6,9900.0,2,5,3,38.4,84.0,12.9,0,9,0.0,66.7,No,6.5,10,62.3,Medium
EMP-0267,30,Male,Marketing,Marketing Specialist,4.8,6580.0,1,4,4,40.7,98.2,28.0,1,5,1.4,84.9,No,1.3,6,77.5,Medium
EMP-0268,27,Male,Sales,Business Development Rep,5.4,8710.0,2,3,4,29.1,89.9,33.6,2,7,0.0,60.4,No,3.1,11,53.0,Low
EMP-0269,25,Male,Human Resources,Compensation Analyst,4.6,7240.0,1,3,1,56.4,93.6,31.9,3,5,55.0,61.6,No,0.9,14,42.6,Low
EMP-0270,24,Female,Human Resources,HR Business Partner,4.8,8520.0,2,3,3,37.7,91.7,45.8,2,6,0.0,95.3,Yes,2.5,10,76.0,Medium
EMP-0271,22,Male,Finance,Finance Manager,2.8,8800.0,2,3,1,42.4,73.4,56.2,5,7,9.6,99.0,No,0.5,9,67.8,Medium
EMP-0272,21,Male,Finance,Accountant,1.6,5410.0,1,1,2,42.2,96.4,31.8,2,6,13.9,82.1,No,0.4,11,57.3,Low
EMP-0273,24,Male,Operations,Supply Chain Analyst,3.8,7390.0,1,3,2,41.3,94.8,17.1,1,7,12.2,66.1,Yes,2.4,5,60.4,Medium
EMP-0274,28,Male,Marketing,SEO Analyst,4.5,6650.0,1,3,3,36.2,91.8,59.5,4,8,0.0,75.1,Yes,1.2,8,68.9,Medium
EMP-0275,23,Female,Operations,Operations Manager,2.4,6010.0,1,2,3,44.7,91.8,27.8,1,4,20.3,58.6,No,0.7,9,52.3,Low
EMP-0276,35,Male,Operations,Supply Chain Analyst,9.2,10420.0,2,2,4,35.4,99.5,38.5,2,10,0.0,85.9,Yes,1.1,5,74.9,Medium
EMP-0277,33,Female,Operations,Logistics Coordinator,13.0,14480.0,3,4,4,43.1,89.5,12.0,1,12,11.6,68.1,No,0.9,13,60.3,Medium
EMP-0278,31,Female,Sales,Sales Manager,7.7,10580.0,2,4,4,43.5,90.5,27.2,2,9,17.1,95.1,No,3.2,10,79.2,Medium
EMP-0279,27,Male,Customer Support,Technical Support Engineer,7.7,10020.0,2,4,3,51.8,83.4,51.2,2,7,54.5,78.9,No,3.9,6,58.1,Low
EMP-0280,26,Male,Engineering,DevOps Engineer,5.0,11390.0,3,2,4,36.5,97.8,18.5,1,9,0.0,88.7,Yes,3.2,10,63.9,Medium
EMP-0281,28,Other,Sales,Business Development Rep,3.6,6490.0,1,3,5,36.4,94.0,19.3,1,7,0.0,80.2,Yes,1.4,10,70.3,Medium
EMP-0282,32,Female,Finance,Accountant,6.9,9670.0,2,5,2,36.3,85.5,29.8,1,8,0.0,74.9,Yes,3.7,8,74.2,Medium
EMP-0283,29,Female,Human Resources,HR Business Partner,9.6,11070.0,2,3,3,45.1,98.7,46.0,4,11,29.6,91.8,No,4.4,13,78.7,Medium
EMP-0284,22,Male,Operations,Operations Manager,2.3,5900.0,1,2,3,57.1,81.4,58.1,4,4,55.0,61.6,No,0.8,7,41.3,Low
EMP-0285,34,Female,Engineering,Tech Lead,10.1,14250.0,3,3,3,43.2,89.8,48.3,4,12,13.2,94.0,No,3.9,10,76.3,Medium
EMP-0286,29,Male,Marketing,SEO Analyst,5.2,9310.0,2,3,2,37.3,94.4,78.7,6,6,0.0,69.0,No,1.9,4,69.8,Medium
EMP-0287,27,Female,Customer Support,Customer Success Manager,4.1,6360.0,1,2,3,42.1,97.6,20.7,1,7,9.6,68.3,No,2.2,8,55.1,Low
EMP-0288,21,Female,Customer Support,Technical Support Engineer,2.3,7540.0,2,5,4,45.8,85.4,74.9,5,6,30.3,73.6,No,1.1,6,75.7,Medium
EMP-0289,26,Male,Engineering,Tech Lead,5.5,9930.0,2,5,3,37.3,82.1,71.1,4,7,0.0,73.6,No,3.5,10,76.1,Medium
EMP-0290,27,Female,Engineering,Tech Lead,4.6,8810.0,2,4,3,32.0,92.6,53.1,3,4,0.0,85.5,No,2.8,8,68.9,Medium
EMP-0291,25,Male,Sales,Sales Manager,3.5,8990.0,2,2,1,45.6,96.0,47.1,3,6,22.3,55.1,Yes,2.9,7,49.9,Low
EMP-0292,35,Female,Operations,Operations Manager,9.3,10090.0,2,3,3,46.6,98.4,35.3,1,11,28.7,69.0,No,0.8,14,68.0,Medium
EMP-0293,27,Female,Sales,Business Development Rep,7.9,9710.0,2,3,4,40.3,95.5,63.6,4,10,2.6,96.4,Yes,7.0,8,81.9,High
EMP-0294,42,Male,Sales,Business Development Rep,16.5,19790.0,5,3,3,46.0,96.7,26.3,1,14,29.3,74.2,No,2.9,10,60.4,Medium
EMP-0295,23,Female,Human Resources,HR Specialist,3.3,5230.0,1,4,1,46.0,96.6,20.1,2,5,25.5,65.1,No,1.3,9,65.1,Medium
EMP-0296,36,Female,Marketing,Marketing Specialist,10.0,12080.0,3,2,2,39.6,87.4,66.4,4,12,0.2,95.2,No,6.7,10,75.6,Medium
EMP-0297,21,Male,Marketing,SEO Analyst,1.5,5160.0,1,2,5,33.0,93.5,47.9,3,3,0.0,87.0,No,0.5,7,66.4,Medium
EMP-0298,28,Male,Finance,Financial Analyst,7.5,9720.0,2,4,3,39.2,85.1,49.9,4,10,0.0,65.7,No,5.6,8,66.6,Medium
EMP-0299,23,Female,Customer Support,Customer Success Manager,2.0,8580.0,2,4,4,38.5,91.0,61.4,3,6,0.0,70.7,No,1.1,15,70.7,Medium
EMP-0300,27,Female,Operations,Operations Manager,3.4,5840.0,1,3,3,39.7,92.7,64.7,4,5,0.0,77.4,No,2.7,8,66.4,Medium
EMP-0301,21,Female,Marketing,SEO Analyst,2.4,8000.0,2,3,2,44.6,93.6,26.6,1,6,17.7,75.8,No,1.8,8,63.8,Medium
EMP-0302,23,Male,Operations,Operations Manager,3.5,9810.0,2,3,4,42.5,84.5,55.8,4,7,8.6,59.3,Yes,2.1,6,67.5,Medium
EMP-0303,31,Female,Marketing,SEO Analyst,9.4,11320.0,2,4,4,37.9,98.3,35.3,3,11,0.0,74.1,No,3.3,9,75.3,Medium
EMP-0304,25,Male,Finance,Financial Analyst,1.3,7760.0,2,2,2,43.9,97.9,17.9,0,5,12.7,71.9,No,0.5,9,57.1,Low
EMP-0305,21,Male,Customer Support,Technical Support Engineer,1.0,6240.0,1,5,2,45.6,92.7,21.1,0,1,22.8,77.8,No,0.7,9,56.9,Low
EMP-0306,28,Male,Finance,Financial Analyst,8.4,9650.0,2,1,2,47.5,98.6,38.2,2,9,31.4,78.7,No,4.6,9,67.2,Medium
EMP-0307,31,Female,Operations,Process Lead,7.9,12790.0,3,4,4,36.4,94.3,16.1,1,10,0.0,98.1,No,0.4,9,77.8,Medium
EMP-0308,28,Male,Customer Support,Technical Support Engineer,4.3,6190.0,1,1,4,44.5,98.0,60.3,5,5,17.7,67.8,Yes,3.5,7,68.5,Medium
EMP-0309,23,Female,Sales,Sales Executive,3.0,6210.0,1,2,3,38.1,92.5,27.0,2,3,0.0,80.6,No,2.7,9,60.0,Medium
EMP-0310,26,Female,Marketing,SEO Analyst,4.7,9270.0,2,4,4,43.0,99.7,25.3,1,6,15.1,71.4,No,4.3,5,69.8,Medium
EMP-0311,29,Female,Engineering,Tech Lead,8.8,12050.0,3,5,2,47.9,95.8,23.1,2,12,32.5,84.0,No,4.3,8,73.8,Medium
EMP-0312,23,Female,Marketing,SEO Analyst,1.4,5540.0,1,5,5,44.0,96.0,33.2,3,2,22.3,77.6,No,1.1,8,78.6,Medium
EMP-0313,29,Male,Engineering,Senior Software Engineer,8.2,9600.0,2,3,3,39.4,76.7,10.0,0,8,5.4,65.2,Yes,0.4,12,55.1,Low
EMP-0314,32,Female,Human Resources,HR Specialist,6.7,9330.0,2,3,5,49.7,91.0,52.8,3,9,38.7,71.3,No,3.7,9,63.9,Medium
EMP-0315,30,Female,Customer Support,Support Specialist,5.5,8030.0,2,5,3,37.3,99.8,12.8,0,8,0.0,73.6,No,0.3,11,69.9,Medium
EMP-0316,33,Male,Marketing,Content Strategist,7.5,12180.0,3,3,3,43.7,91.6,16.7,1,11,20.1,65.3,No,5.4,12,59.4,Low
EMP-0317,31,Female,Finance,Finance Manager,8.8,12130.0,3,4,1,41.6,92.1,44.7,3,10,10.3,66.4,No,4.2,9,62.6,Medium
EMP-0318,26,Female,Marketing,Marketing Specialist,5.3,10160.0,2,4,3,31.9,95.5,28.7,2,7,0.0,63.7,Yes,4.7,11,63.1,Medium
EMP-0319,30,Female,Engineering,Senior Software Engineer,4.7,9100.0,2,3,3,40.4,89.8,21.2,0,7,5.9,65.9,Yes,3.4,8,63.6,Medium
EMP-0320,24,Male,Operations,Operations Manager,4.1,10440.0,2,2,2,37.4,87.2,62.1,5,6,0.0,68.8,No,2.6,14,64.1,Medium
EMP-0321,26,Female,Finance,Finance Manager,4.3,6580.0,1,3,3,40.8,99.0,10.7,1,5,9.5,91.8,No,2.6,11,74.0,Medium
EMP-0322,24,Male,Operations,Logistics Coordinator,0.8,4990.0,1,4,4,35.0,96.2,70.2,4,2,0.0,80.4,Yes,0.4,15,78.0,Medium
EMP-0323,32,Female,Finance,Financial Analyst,7.3,9970.0,2,5,2,51.5,89.1,27.1,0,8,47.2,80.9,Yes,2.0,8,66.1,Medium
EMP-0324,32,Female,Marketing,SEO Analyst,11.7,13260.0,3,4,3,47.2,92.7,25.4,0,10,34.7,99.0,No,6.0,12,74.6,Medium
EMP-0325,22,Female,Operations,Process Lead,1.7,8950.0,2,4,4,38.9,98.9,22.9,2,4,0.0,60.0,No,0.3,7,62.6,Medium
EMP-0326,29,Female,Customer Support,Technical Support Engineer,5.4,9810.0,2,3,3,43.4,93.6,37.4,2,8,16.7,69.9,Yes,3.5,9,67.5,Medium
EMP-0327,29,Male,Sales,Sales Executive,8.2,10400.0,2,5,1,46.8,90.2,24.2,1,7,26.8,88.0,No,0.3,5,74.5,Medium
EMP-0328,27,Male,Human Resources,Talent Acquisition Lead,2.5,7980.0,2,3,5,35.2,90.1,9.6,0,6,0.0,85.1,No,1.3,11,62.0,Medium
EMP-0329,34,Female,Operations,Supply Chain Analyst,10.0,13560.0,3,4,2,40.8,92.7,48.4,4,12,3.2,65.1,No,7.6,5,64.2,Medium
EMP-0330,23,Female,Human Resources,Talent Acquisition Lead,3.6,8770.0,2,4,5,40.6,94.8,12.6,0,7,9.8,68.5,Yes,0.5,10,71.2,Medium
EMP-0331,23,Male,Sales,Account Executive,3.3,6220.0,1,3,3,35.0,78.6,9.9,1,6,0.0,88.2,No,0.8,11,67.8,Medium
EMP-0332,26,Female,Finance,Auditor,1.9,5860.0,1,1,2,32.4,97.8,38.7,1,6,0.0,58.9,No,0.2,11,51.6,Low
EMP-0333,25,Male,Human Resources,HR Business Partner,2.7,6790.0,1,4,3,44.4,86.9,34.5,3,6,17.3,80.4,No,1.0,10,71.2,Medium
EMP-0334,32,Female,Human Resources,Talent Acquisition Lead,9.8,10860.0,2,1,5,51.1,96.4,17.7,1,8,48.9,84.4,Yes,3.9,11,58.6,Low
EMP-0335,28,Female,Engineering,Tech Lead,5.0,10880.0,3,2,4,44.2,94.4,35.3,2,6,20.0,92.0,No,3.0,9,69.1,Medium
EMP-0336,25,Female,Marketing,Growth Manager,3.2,5860.0,1,2,4,45.9,95.5,45.2,3,6,26.6,85.7,No,1.6,5,64.6,Medium
EMP-0337,28,Female,Sales,Sales Manager,7.8,10240.0,2,3,5,38.2,96.7,18.2,2,11,0.0,74.5,Yes,2.6,7,70.7,Medium
EMP-0338,24,Other,Human Resources,Talent Acquisition Lead,3.2,8870.0,2,5,2,47.4,77.3,28.4,2,6,32.1,81.4,No,1.4,15,67.2,Medium
EMP-0339,37,Female,Engineering,QA Engineer,11.6,13760.0,3,3,3,43.7,95.5,29.4,3,12,14.2,79.4,No,3.8,8,69.7,Medium
EMP-0340,30,Female,Engineering,QA Engineer,5.0,9760.0,2,3,1,49.5,86.0,79.8,4,6,40.1,81.3,No,1.7,11,57.5,Low
EMP-0341,27,Male,Engineering,Software Engineer,3.8,8660.0,2,3,3,39.6,93.9,29.1,1,8,1.6,62.2,No,2.8,10,54.8,Low
EMP-0342,35,Male,Marketing,Growth Manager,9.3,13130.0,3,1,1,42.7,99.1,32.9,1,11,13.1,84.5,Yes,3.5,11,67.2,Medium
EMP-0343,28,Female,Human Resources,Talent Acquisition Lead,9.0,12260.0,3,4,3,35.6,87.3,20.0,1,8,0.0,83.9,Yes,0.4,11,68.4,Medium
EMP-0344,28,Male,Human Resources,HR Business Partner,3.1,6860.0,1,1,3,50.6,97.9,11.4,0,5,42.8,64.9,No,2.0,12,40.7,Low
EMP-0345,33,Female,Finance,Finance Manager,7.3,10530.0,2,4,5,43.7,96.1,51.3,3,8,17.5,72.3,Yes,6.7,10,74.0,Medium
EMP-0346,32,Female,Marketing,SEO Analyst,10.6,14630.0,3,3,3,41.8,98.2,12.8,0,13,7.4,75.7,No,6.7,7,72.1,Medium
EMP-0347,36,Female,Human Resources,HR Business Partner,10.6,12600.0,3,2,3,36.2,93.4,19.6,1,13,0.0,52.5,No,4.5,4,51.9,Low
EMP-0348,27,Female,Engineering,Senior Software Engineer,5.0,9370.0,2,1,2,37.7,98.2,68.5,3,5,0.0,94.3,Yes,1.7,7,73.1,Medium
EMP-0349,29,Male,Sales,Account Executive,7.7,10260.0,2,4,3,42.4,95.3,16.3,0,7,14.7,92.8,No,1.2,7,69.1,Medium
EMP-0350,21,Male,Marketing,SEO Analyst,1.4,5880.0,1,1,3,39.4,94.8,10.3,0,4,0.0,63.4,No,0.6,12,45.3,Low
EMP-0351,31,Male,Engineering,Senior Software Engineer,9.6,12320.0,3,4,3,43.4,96.9,35.8,2,8,13.4,91.7,Yes,4.3,6,73.4,Medium
EMP-0352,24,Female,Customer Support,Support Specialist,5.0,9060.0,2,3,5,46.3,88.5,23.5,1,5,31.0,75.9,No,2.2,9,61.4,Medium
EMP-0353,22,Male,Customer Support,Support Specialist,2.4,8570.0,2,2,4,34.0,94.2,28.2,1,4,0.0,63.5,No,2.2,13,55.8,Low
EMP-0354,27,Female,Engineering,DevOps Engineer,2.5,6680.0,1,5,2,42.3,82.6,38.1,3,6,7.9,91.6,No,2.0,9,69.8,Medium
EMP-0355,24,Male,Finance,Accountant,2.1,5610.0,1,4,4,41.1,98.0,45.4,4,2,10.8,74.7,No,1.5,12,65.8,Medium
EMP-0356,26,Female,Sales,Sales Manager,5.4,9030.0,2,4,5,43.6,92.2,26.8,2,8,20.1,83.5,No,2.9,10,72.5,Medium
EMP-0357,36,Female,Customer Support,Support Specialist,11.5,13360.0,3,2,4,42.7,84.0,18.1,2,10,14.1,56.3,No,0.7,4,52.8,Low
EMP-0358,40,Male,Sales,Business Development Rep,13.8,14650.0,3,4,4,45.5,94.0,26.9,1,14,25.4,66.6,No,7.6,8,66.1,Medium
EMP-0359,24,Female,Human Resources,HR Business Partner,5.2,9140.0,2,1,3,39.4,97.6,22.3,0,8,0.0,68.9,No,4.3,7,59.7,Low
EMP-0360,25,Female,Customer Support,Technical Support Engineer,4.0,8790.0,2,2,3,36.0,83.5,38.1,3,4,0.0,83.3,No,2.2,7,55.2,Low
EMP-0361,28,Non-Binary,Finance,Financial Analyst,6.4,12480.0,3,2,3,28.2,85.8,16.0,0,8,0.0,61.0,Yes,0.4,7,59.4,Low
EMP-0362,28,Female,Engineering,Software Engineer,4.0,8810.0,2,4,2,46.0,98.8,48.8,2,6,22.5,65.6,Yes,1.4,14,65.7,Medium
EMP-0363,30,Female,Finance,Financial Analyst,5.0,8480.0,2,4,5,37.9,98.7,13.4,1,8,0.0,75.1,Yes,1.6,10,79.7,Medium
EMP-0364,26,Female,Customer Support,Support Specialist,1.5,5700.0,1,4,4,38.6,86.2,41.5,2,2,0.0,77.6,Yes,0.3,13,70.0,Medium
EMP-0365,27,Female,Engineering,Tech Lead,7.6,12690.0,3,2,1,41.7,96.8,85.9,6,7,8.6,62.6,No,1.5,2,60.7,Medium
EMP-0366,27,Male,Human Resources,HR Specialist,6.7,9370.0,2,1,4,31.5,78.7,37.1,1,10,0.0,71.8,Yes,6.7,10,55.3,Low
EMP-0367,25,Male,Finance,Auditor,1.5,5930.0,1,2,5,45.1,92.5,13.8,0,6,22.2,69.3,No,0.8,8,60.0,Medium
EMP-0368,25,Female,Sales,Business Development Rep,1.2,5770.0,1,4,5,42.9,96.0,51.6,4,4,16.8,71.1,No,0.3,10,69.7,Medium
EMP-0369,29,Male,Customer Support,Technical Support Engineer,4.6,8570.0,2,3,1,44.0,93.7,19.3,2,6,21.3,75.0,No,3.6,14,57.9,Low
EMP-0370,30,Male,Customer Support,Customer Success Manager,6.9,11670.0,3,4,3,41.0,83.9,19.4,2,9,0.6,81.6,No,1.5,10,69.9,Medium
EMP-0371,37,Male,Sales,Sales Manager,11.4,13950.0,3,3,2,41.7,96.1,32.4,2,10,8.2,73.4,Yes,0.7,10,72.9,Medium
EMP-0372,40,Male,Sales,Sales Manager,17.7,17200.0,4,4,3,39.6,96.6,53.0,3,19,0.0,72.1,Yes,2.5,16,75.8,Medium
EMP-0373,27,Female,Engineering,DevOps Engineer,6.3,10760.0,3,4,3,34.1,94.8,44.5,4,6,0.0,89.3,No,6.1,7,73.9,Medium
EMP-0374,28,Male,Finance,Finance Manager,3.6,8330.0,2,3,4,36.1,93.0,62.9,3,4,0.0,83.6,No,3.6,7,71.0,Medium
EMP-0375,21,Male,Operations,Supply Chain Analyst,0.7,8280.0,2,4,4,38.5,85.2,12.5,0,1,0.0,74.1,No,0.6,13,56.5,Low
EMP-0376,26,Male,Sales,Sales Executive,4.6,5740.0,1,3,4,30.5,95.4,28.3,2,8,0.0,86.4,Yes,2.6,12,75.8,Medium
EMP-0377,36,Male,Engineering,Senior Software Engineer,11.7,12900.0,3,4,5,41.9,93.8,51.5,3,10,10.3,88.5,No,3.2,13,77.8,Medium
EMP-0378,21,Male,Human Resources,Talent Acquisition Lead,2.5,6140.0,1,4,3,42.0,87.9,30.3,1,4,9.5,72.4,No,1.8,5,61.6,Medium
EMP-0379,33,Male,Engineering,DevOps Engineer,12.8,14080.0,3,4,5,37.3,99.1,25.0,1,13,0.0,47.1,No,5.1,7,60.0,Medium
EMP-0380,23,Male,Engineering,Senior Software Engineer,1.9,5680.0,1,3,3,42.6,91.6,49.1,2,2,11.9,67.5,No,1.2,4,61.7,Medium
EMP-0381,26,Female,Engineering,DevOps Engineer,1.7,6290.0,1,1,2,45.6,97.8,31.0,1,4,26.5,78.1,No,0.9,8,51.5,Low
EMP-0382,23,Non-Binary,Operations,Supply Chain Analyst,1.6,5690.0,1,2,1,42.5,89.2,25.3,0,3,12.8,65.1,No,0.9,9,47.6,Low
EMP-0383,40,Male,Marketing,SEO Analyst,17.9,18590.0,4,4,3,30.3,93.4,10.4,1,16,0.0,57.8,No,2.0,7,70.5,Medium
EMP-0384,30,Female,Marketing,Content Strategist,6.4,9700.0,2,4,5,41.4,82.2,33.6,2,10,9.0,94.9,No,5.4,6,72.3,Medium
EMP-0385,24,Male,Customer Support,Customer Success Manager,3.7,6240.0,1,3,3,42.3,89.7,20.2,0,3,7.5,55.6,No,0.3,11,48.9,Low
EMP-0386,37,Male,Engineering,DevOps Engineer,12.2,15980.0,4,4,2,42.0,99.8,51.2,2,13,5.2,76.2,Yes,4.4,8,76.4,Medium
EMP-0387,30,Male,Operations,Process Lead,8.2,10570.0,2,3,3,40.5,93.8,17.5,0,7,8.0,63.4,No,1.4,12,56.6,Low
EMP-0388,29,Male,Human Resources,HR Business Partner,5.4,9050.0,2,4,3,45.4,87.4,24.4,2,9,27.0,54.2,No,4.0,5,56.4,Low
EMP-0389,30,Female,Finance,Auditor,8.7,12680.0,3,3,2,38.5,97.8,18.1,2,11,0.0,83.0,No,3.1,11,66.8,Medium
EMP-0390,25,Male,Human Resources,HR Business Partner,4.0,9140.0,2,3,1,45.5,98.3,88.5,7,6,20.8,74.4,No,3.4,5,67.8,Medium
EMP-0391,25,Female,Finance,Finance Manager,4.4,6540.0,1,3,4,49.6,93.9,17.2,0,4,43.8,74.4,No,0.9,8,56.5,Low
EMP-0392,23,Male,Finance,Auditor,2.4,5950.0,1,3,4,43.4,99.9,16.4,2,6,12.8,73.5,No,1.7,11,64.1,Medium
EMP-0393,28,Male,Human Resources,HR Business Partner,4.0,5830.0,1,4,4,37.7,97.7,26.8,2,8,0.0,72.6,Yes,1.6,9,73.2,Medium
EMP-0394,25,Female,Sales,Sales Manager,3.9,5720.0,1,4,5,38.0,91.8,59.3,3,8,0.0,74.4,No,1.7,10,72.3,Medium
EMP-0395,31,Non-Binary,Finance,Accountant,7.6,11030.0,3,3,4,38.1,90.1,52.5,3,8,0.0,75.3,No,3.9,8,61.8,Medium
EMP-0396,33,Female,Human Resources,HR Business Partner,12.5,15360.0,4,3,2,36.4,92.4,66.9,3,12,0.0,89.6,No,6.7,12,76.3,Medium
EMP-0397,33,Male,Human Resources,Compensation Analyst,10.0,13190.0,3,4,4,38.2,97.0,17.5,0,13,0.0,61.9,No,4.9,5,70.4,Medium
EMP-0398,38,Female,Customer Support,Support Specialist,14.1,15350.0,3,4,2,38.9,95.4,35.1,2,13,0.0,86.7,No,3.0,11,76.4,Medium
EMP-0399,45,Male,Human Resources,HR Specialist,22.5,21540.0,5,3,1,42.8,91.5,55.9,4,22,9.9,78.4,Yes,4.7,7,72.3,Medium
EMP-0400,28,Male,Sales,Sales Executive,3.7,5920.0,1,4,3,37.2,93.9,32.8,3,3,0.0,76.6,Yes,2.0,9,62.6,Medium
EMP-0401,22,Female,Engineering,Senior Software Engineer,2.7,5840.0,1,4,1,42.2,95.5,23.1,2,6,4.1,61.6,No,2.4,9,56.6,Low
EMP-0402,27,Non-Binary,Marketing,Growth Manager,4.5,6890.0,1,3,3,38.2,97.2,49.9,2,4,0.0,71.6,No,2.5,9,64.1,Medium
EMP-0403,28,Male,Engineering,Software Engineer,5.9,10340.0,2,2,3,44.3,96.2,27.8,1,5,21.3,90.3,Yes,4.9,6,63.7,Medium
EMP-0404,38,Female,Operations,Process Lead,12.2,14350.0,3,3,4,45.9,96.8,43.4,2,14,27.0,82.5,No,4.5,9,70.2,Medium
EMP-0405,25,Other,Operations,Logistics Coordinator,1.8,6680.0,1,4,5,51.5,93.9,28.3,2,4,43.8,85.6,No,1.6,6,67.4,Medium
EMP-0406,32,Male,Human Resources,HR Specialist,9.7,11030.0,2,2,4,44.1,97.7,41.6,2,8,14.2,66.3,No,3.2,7,61.0,Medium
EMP-0407,26,Female,Engineering,DevOps Engineer,1.0,5070.0,1,3,1,38.1,97.3,60.5,5,3,0.0,63.3,No,1.0,12,62.5,Medium
EMP-0408,36,Male,Engineering,Senior Software Engineer,12.6,13880.0,3,3,2,36.5,95.9,20.1,1,11,0.0,71.1,Yes,5.0,12,65.3,Medium
EMP-0409,21,Female,Engineering,Senior Software Engineer,1.7,7340.0,2,3,2,35.6,87.4,65.7,3,3,0.0,71.5,No,0.8,9,64.2,Medium
EMP-0410,23,Female,Sales,Sales Executive,2.3,6370.0,1,3,3,35.0,99.2,30.0,2,2,0.0,89.0,No,1.2,11,71.4,Medium
EMP-0411,21,Male,Marketing,Growth Manager,1.4,6290.0,1,5,4,30.8,96.8,73.5,6,2,0.0,64.7,No,1.3,6,68.0,Medium
EMP-0412,23,Male,Operations,Operations Manager,3.0,6210.0,1,3,2,36.9,80.0,46.3,2,7,0.0,62.8,No,1.4,9,58.9,Low
EMP-0413,35,Female,Customer Support,Customer Success Manager,12.0,16450.0,4,2,3,42.6,84.3,82.2,4,11,11.5,61.0,No,2.2,5,63.4,Medium
EMP-0414,27,Female,Operations,Supply Chain Analyst,7.1,12470.0,3,3,2,38.0,99.2,63.9,3,6,0.0,86.0,Yes,0.9,7,80.9,High
EMP-0415,28,Male,Human Resources,Talent Acquisition Lead,6.4,9420.0,2,3,2,39.0,95.2,24.7,0,9,0.0,77.3,No,2.6,5,64.5,Medium
EMP-0416,30,Female,Engineering,Senior Software Engineer,9.0,13630.0,3,3,2,46.7,98.1,69.8,3,9,32.9,54.4,No,6.5,12,68.6,Medium
EMP-0417,26,Female,Operations,Supply Chain Analyst,2.1,5550.0,1,3,5,37.7,99.3,39.1,2,2,0.0,72.6,No,0.2,9,60.9,Medium
EMP-0418,26,Male,Human Resources,HR Specialist,3.8,6680.0,1,2,2,42.9,92.1,70.8,6,7,17.5,51.5,Yes,2.9,15,66.5,Medium
EMP-0419,38,Non-Binary,Finance,Auditor,12.1,13460.0,3,4,4,45.5,90.2,26.3,2,10,28.3,71.2,Yes,4.6,14,67.1,Medium
EMP-0420,31,Female,Engineering,Software Engineer,7.2,11580.0,3,3,3,40.9,86.0,43.5,4,8,6.0,70.5,No,5.7,7,63.1,Medium
EMP-0421,26,Female,Finance,Accountant,2.9,8140.0,2,3,3,38.5,96.1,39.3,1,7,0.0,78.7,No,1.2,10,69.2,Medium
EMP-0422,24,Non-Binary,Human Resources,HR Specialist,5.4,8830.0,2,1,5,41.2,97.3,64.8,3,7,11.5,77.1,No,2.0,7,72.8,Medium
EMP-0423,22,Male,Engineering,Software Engineer,3.1,8630.0,2,2,2,36.8,93.7,23.8,0,7,0.0,85.6,No,2.8,9,53.4,Low
EMP-0424,33,Female,Human Resources,HR Specialist,7.6,10140.0,2,3,1,41.3,93.9,75.6,4,9,5.9,59.0,No,0.4,8,65.5,Medium
EMP-0425,24,Female,Finance,Finance Manager,4.6,7150.0,1,1,4,39.5,98.3,15.0,0,8,0.0,66.9,No,2.2,9,59.8,Low
EMP-0426,25,Female,Operations,Logistics Coordinator,2.0,8030.0,2,1,1,35.7,89.7,38.3,3,3,0.0,82.3,No,1.7,9,52.7,Low
EMP-0427,39,Female,Human Resources,HR Specialist,14.1,14450.0,3,5,2,40.0,86.1,29.5,2,13,0.0,74.8,Yes,1.8,12,78.0,Medium
EMP-0428,28,Male,Customer Support,Customer Success Manager,8.9,12460.0,3,2,4,42.8,94.8,12.0,1,10,11.3,97.5,Yes,5.5,9,72.2,Medium
EMP-0429,28,Male,Customer Support,Customer Success Manager,2.9,5900.0,1,2,1,39.7,95.4,58.0,4,6,0.0,74.1,No,1.8,4,65.9,Medium
EMP-0430,25,Non-Binary,Finance,Financial Analyst,5.9,9570.0,2,2,5,43.0,98.3,65.1,5,8,13.6,60.1,No,2.6,10,64.5,Medium
EMP-0431,25,Male,Customer Support,Support Specialist,6.2,12550.0,3,4,2,36.3,94.2,31.2,1,7,0.0,91.9,Yes,6.0,9,74.1,Medium
EMP-0432,23,Female,Human Resources,HR Specialist,4.2,8480.0,2,5,2,40.5,84.9,29.8,2,6,0.1,79.4,No,3.0,10,70.9,Medium
EMP-0433,24,Male,Finance,Auditor,1.8,4940.0,1,3,3,43.2,98.6,66.3,4,2,15.6,77.5,No,0.2,8,66.3,Medium
EMP-0434,34,Female,Human Resources,HR Business Partner,11.9,13280.0,3,3,3,45.4,95.7,42.6,2,13,24.5,84.7,No,5.8,7,80.6,High
EMP-0435,25,Male,Customer Support,Customer Success Manager,3.4,6420.0,1,4,1,35.8,89.2,46.8,2,5,0.0,73.9,No,2.5,8,59.9,Low
EMP-0436,24,Female,Operations,Logistics Coordinator,3.3,7930.0,2,5,1,44.7,94.0,30.5,3,3,20.6,55.7,Yes,2.2,14,53.8,Low
EMP-0437,30,Non-Binary,Operations,Process Lead,4.8,6400.0,1,3,3,44.1,95.2,34.7,2,5,18.7,93.5,No,1.0,9,72.8,Medium
EMP-0438,34,Female,Operations,Logistics Coordinator,14.1,16870.0,4,4,4,38.5,91.9,50.3,4,13,1.6,65.7,No,0.8,8,66.6,Medium
EMP-0439,26,Female,Marketing,Growth Manager,1.1,5320.0,1,4,3,34.7,94.7,28.3,2,1,0.0,54.5,No,0.3,5,50.8,Low
EMP-0440,26,Male,Operations,Supply Chain Analyst,6.3,11820.0,3,2,5,44.6,83.6,42.2,4,8,24.0,83.2,No,5.1,6,68.4,Medium
EMP-0441,32,Female,Sales,Account Executive,10.9,15820.0,4,4,4,43.0,91.1,53.4,2,11,17.0,55.6,No,6.7,7,70.9,Medium
EMP-0442,27,Female,Customer Support,Technical Support Engineer,4.1,8970.0,2,3,3,44.6,88.2,17.8,0,7,20.4,92.6,No,1.9,7,66.1,Medium
EMP-0443,25,Female,Sales,Sales Executive,3.2,8550.0,2,2,5,38.7,98.2,63.4,5,4,0.5,61.8,Yes,1.7,11,59.2,Low
EMP-0444,32,Female,Finance,Finance Manager,8.0,12260.0,3,4,1,46.5,91.6,55.2,3,10,38.0,71.7,Yes,7.9,8,68.8,Medium
EMP-0445,23,Male,Engineering,Senior Software Engineer,1.8,6640.0,1,5,1,39.9,95.3,51.5,2,2,0.0,69.6,No,0.8,12,67.1,Medium
EMP-0446,30,Male,Finance,Auditor,4.8,7520.0,1,4,4,47.2,98.7,12.8,1,5,37.6,83.8,No,2.6,10,78.3,Medium
EMP-0447,30,Female,Engineering,Tech Lead,4.9,6820.0,1,2,5,47.8,86.8,34.2,3,4,35.5,69.9,No,0.4,9,53.0,Low
EMP-0448,28,Female,Finance,Auditor,6.3,12450.0,3,5,3,39.7,97.7,37.0,2,8,0.1,99.0,Yes,4.5,12,77.2,Medium
EMP-0449,30,Male,Finance,Financial Analyst,6.2,12070.0,3,4,2,36.7,86.8,96.7,6,6,0.0,74.2,No,4.0,9,71.1,Medium
EMP-0450,27,Male,Customer Support,Technical Support Engineer,3.4,6940.0,1,2,2,43.0,98.6,33.5,1,4,13.9,67.1,No,2.4,10,61.1,Medium
EMP-0451,26,Female,Finance,Auditor,4.3,6990.0,1,5,1,35.7,73.2,41.1,3,6,0.0,74.8,No,2.4,8,59.5,Low
EMP-0452,35,Male,Engineering,Tech Lead,9.7,12460.0,3,5,5,43.8,96.0,16.6,0,10,23.8,72.0,No,7.9,11,77.8,Medium
EMP-0453,31,Male,Human Resources,Talent Acquisition Lead,6.1,10420.0,2,3,2,43.7,91.0,56.0,3,6,19.6,75.0,No,1.0,11,67.0,Medium
EMP-0454,30,Female,Finance,Finance Manager,5.1,11540.0,3,4,5,32.7,88.6,38.9,1,8,0.0,38.0,No,2.0,5,53.2,Low
EMP-0455,22,Male,Human Resources,Talent Acquisition Lead,2.6,8510.0,2,3,3,40.6,84.3,32.4,3,3,2.7,60.1,No,1.8,9,55.8,Low
EMP-0456,24,Female,Marketing,Content Strategist,2.1,8430.0,2,3,3,43.4,77.2,25.5,2,2,14.1,59.7,No,1.8,6,47.1,Low
EMP-0457,30,Non-Binary,Sales,Sales Manager,4.8,6710.0,1,2,4,51.3,98.1,27.8,2,5,45.8,78.3,No,2.7,10,49.8,Low
EMP-0458,39,Female,Human Resources,Compensation Analyst,13.5,15240.0,3,3,5,36.2,93.3,22.3,1,14,0.0,71.7,Yes,3.1,7,65.7,Medium
EMP-0459,25,Male,Human Resources,Talent Acquisition Lead,0.8,5990.0,1,3,2,40.4,90.3,32.2,1,3,5.4,60.4,No,0.4,12,57.5,Low
EMP-0460,28,Female,Customer Support,Support Specialist,8.5,10950.0,2,3,2,41.9,92.4,75.4,6,9,10.0,69.7,Yes,7.7,7,74.4,Medium
EMP-0461,31,Female,Engineering,Software Engineer,7.6,9100.0,2,3,3,43.7,85.4,53.4,3,7,18.0,86.0,No,4.2,6,69.5,Medium
EMP-0462,26,Male,Engineering,QA Engineer,4.5,7550.0,1,5,3,38.4,86.0,25.4,0,4,0.0,71.4,No,0.8,9,61.7,Medium
EMP-0463,27,Male,Customer Support,Support Specialist,4.6,6620.0,1,4,2,40.3,97.4,94.1,7,6,0.0,80.0,Yes,0.3,8,71.5,Medium
EMP-0464,28,Male,Human Resources,HR Specialist,7.1,9600.0,2,3,5,46.8,96.7,29.2,3,6,29.8,63.3,No,6.8,13,60.6,Medium
EMP-0465,25,Male,Operations,Operations Manager,6.3,11980.0,3,4,5,38.3,86.4,11.2,1,10,0.0,65.1,No,4.8,12,62.7,Medium
EMP-0466,27,Female,Customer Support,Support Specialist,7.6,9750.0,2,2,2,45.3,84.5,35.1,3,10,27.1,84.5,No,3.2,8,62.3,Medium
EMP-0467,27,Female,Sales,Sales Executive,6.8,9520.0,2,5,5,34.2,86.8,36.2,2,8,0.0,86.9,No,0.3,11,71.0,Medium
EMP-0468,28,Male,Operations,Operations Manager,8.0,9840.0,2,3,5,36.3,96.1,17.6,2,10,0.0,68.9,Yes,3.4,10,71.5,Medium
EMP-0469,25,Male,Marketing,SEO Analyst,1.5,8250.0,2,4,5,43.1,97.9,61.8,4,6,18.1,58.9,Yes,0.8,9,78.2,Medium
EMP-0470,23,Other,Marketing,SEO Analyst,1.2,5770.0,1,3,4,48.4,91.3,20.2,0,1,38.5,73.8,No,0.5,6,53.3,Low
EMP-0471,30,Male,Sales,Account Executive,5.2,8480.0,2,4,1,43.2,83.7,21.6,1,5,22.1,81.9,No,0.9,4,59.9,Low
EMP-0472,33,Female,Operations,Operations Manager,7.3,11570.0,3,4,3,45.2,98.2,46.5,2,8,23.4,92.1,Yes,0.4,8,79.0,Medium
EMP-0473,22,Female,Marketing,Content Strategist,1.7,5600.0,1,5,2,43.7,88.8,18.3,1,4,14.8,69.9,No,0.4,8,61.3,Medium
EMP-0474,29,Male,Human Resources,Compensation Analyst,5.1,9620.0,2,4,3,41.8,70.5,21.6,1,5,5.9,53.9,No,1.0,12,48.6,Low
EMP-0475,27,Female,Customer Support,Support Specialist,6.5,9860.0,2,2,4,52.2,96.3,31.5,2,7,49.8,79.0,Yes,3.6,10,51.0,Low
EMP-0476,25,Female,Customer Support,Support Specialist,6.0,11340.0,3,4,3,34.7,97.6,17.9,0,8,0.0,73.2,No,6.0,9,62.1,Medium
EMP-0477,29,Male,Human Resources,HR Specialist,4.7,9550.0,2,4,3,36.1,90.3,50.9,4,8,0.0,90.0,No,1.5,10,75.2,Medium
EMP-0478,33,Male,Customer Support,Technical Support Engineer,9.4,11140.0,2,4,5,41.3,96.7,76.9,6,11,4.6,60.1,No,3.8,4,76.4,Medium
EMP-0479,24,Male,Engineering,Senior Software Engineer,3.4,6630.0,1,2,3,44.8,97.6,20.4,0,5,22.4,96.7,Yes,1.1,14,76.1,Medium
EMP-0480,25,Female,Finance,Finance Manager,2.1,4720.0,1,5,2,36.2,95.7,25.1,2,2,0.0,59.2,No,0.6,4,56.8,Low
EMP-0481,31,Female,Marketing,Marketing Specialist,8.8,12530.0,3,3,3,30.3,98.8,33.1,2,10,0.0,57.7,Yes,4.3,7,58.1,Low
EMP-0482,40,Male,Marketing,SEO Analyst,19.5,18190.0,4,3,4,45.8,99.3,26.9,2,17,22.5,74.3,No,7.5,9,75.3,Medium
EMP-0483,43,Male,Engineering,Senior Software Engineer,21.1,21040.0,5,4,1,40.7,89.0,19.3,2,18,10.3,49.0,No,6.1,11,58.6,Low
EMP-0484,37,Male,Engineering,Software Engineer,15.3,18710.0,5,4,3,38.7,99.5,42.0,2,16,0.0,61.6,No,6.2,7,75.8,Medium
EMP-0485,27,Female,Sales,Account Executive,5.8,8640.0,2,3,3,39.5,95.7,23.1,2,5,0.0,73.8,No,3.4,8,58.3,Low
EMP-0486,38,Male,Sales,Sales Executive,13.2,16800.0,4,3,5,37.1,98.9,42.6,2,15,0.0,79.4,No,6.9,10,79.0,Medium
EMP-0487,22,Female,Finance,Finance Manager,1.6,7690.0,2,3,2,43.6,97.4,16.4,1,4,14.3,72.3,No,1.3,6,61.4,Medium
EMP-0488,29,Male,Marketing,Content Strategist,5.0,9680.0,2,5,2,31.6,97.3,35.5,3,7,0.0,50.0,No,4.3,8,58.1,Low
EMP-0489,26,Male,Sales,Business Development Rep,3.1,8310.0,2,3,5,39.4,96.0,60.5,3,6,1.8,77.7,Yes,0.9,5,76.1,Medium
EMP-0490,24,Female,Customer Support,Support Specialist,4.1,6580.0,1,2,2,41.1,93.2,19.2,1,5,7.5,70.5,No,3.8,6,55.7,Low
EMP-0491,29,Male,Sales,Account Executive,7.2,9510.0,2,3,4,56.3,95.2,60.4,3,6,55.0,78.3,No,7.1,10,69.9,Medium
EMP-0492,32,Female,Marketing,Marketing Specialist,7.0,9970.0,2,4,3,38.4,96.6,25.3,0,10,0.0,54.1,Yes,4.4,6,69.0,Medium
EMP-0493,37,Male,Finance,Auditor,11.8,14250.0,3,4,4,40.5,98.5,36.4,3,12,3.9,62.2,Yes,8.0,7,76.1,Medium
EMP-0494,31,Male,Marketing,Content Strategist,10.5,15240.0,4,3,3,44.5,99.0,36.4,1,11,21.4,65.9,No,5.2,9,67.2,Medium
EMP-0495,27,Female,Sales,Business Development Rep,2.2,5520.0,1,5,5,49.4,91.2,54.8,2,2,34.1,66.5,No,1.8,5,71.1,Medium
EMP-0496,22,Male,Human Resources,HR Specialist,3.6,6720.0,1,3,3,46.2,90.5,27.8,2,3,37.9,72.8,No,2.4,9,49.3,Low
EMP-0497,30,Female,Engineering,Software Engineer,9.0,10400.0,2,5,4,39.9,96.7,12.1,0,9,0.0,86.7,Yes,5.2,8,79.6,Medium
EMP-0498,31,Female,Human Resources,Compensation Analyst,11.3,13290.0,3,4,4,41.3,88.5,24.9,1,14,4.1,76.1,No,1.4,8,73.9,Medium
EMP-0499,26,Female,Sales,Sales Manager,3.7,5800.0,1,3,3,47.2,97.1,25.3,1,7,28.1,84.4,Yes,0.7,6,65.5,Medium
EMP-0500,30,Female,Human Resources,Compensation Analyst,9.9,11430.0,2,5,3,44.7,99.2,70.3,5,8,22.5,60.9,Yes,2.7,10,72.1,Medium
EMP-0501,33,Female,Sales,Business Development Rep,8.5,10430.0,2,2,3,43.8,97.4,42.7,3,9,14.7,62.1,No,0.3,8,61.6,Medium
EMP-0502,32,Female,Marketing,Content Strategist,9.4,10510.0,2,4,3,40.2,93.9,6.8,0,10,4.0,70.5,Yes,6.4,10,66.5,Medium
EMP-0503,24,Male,Sales,Sales Executive,1.4,6100.0,1,2,1,34.8,96.4,81.3,6,2,0.0,64.2,No,0.6,8,64.4,Medium
EMP-0504,27,Non-Binary,Finance,Financial Analyst,3.1,6560.0,1,2,3,40.8,94.7,15.6,1,6,4.9,75.1,No,0.3,8,57.9,Low
EMP-0505,29,Non-Binary,Human Resources,HR Business Partner,5.8,9720.0,2,3,4,30.4,99.2,50.6,3,9,0.0,57.0,Yes,5.6,10,68.0,Medium
EMP-0506,23,Female,Engineering,Software Engineer,3.2,8080.0,2,4,4,36.2,99.2,21.3,0,6,0.0,60.5,No,2.7,10,63.0,Medium
EMP-0507,26,Male,Finance,Finance Manager,1.2,6280.0,1,3,2,37.0,99.6,23.8,1,3,0.0,79.0,No,0.7,9,56.6,Low
EMP-0508,21,Male,Finance,Auditor,2.7,5000.0,1,3,4,40.9,88.6,33.7,1,6,3.6,72.0,No,1.6,11,72.1,Medium
EMP-0509,33,Male,Operations,Supply Chain Analyst,8.4,13210.0,3,3,1,41.4,98.7,41.8,3,11,9.2,49.3,No,4.3,7,53.6,Low
EMP-0510,31,Female,Human Resources,Compensation Analyst,5.6,11590.0,3,4,5,46.0,89.7,41.8,2,9,24.1,95.1,No,3.8,7,80.9,High
EMP-0511,29,Male,Marketing,Growth Manager,7.7,10650.0,2,2,3,47.7,97.8,37.5,1,10,36.3,58.0,No,4.1,7,54.1,Low
EMP-0512,25,Male,Human Resources,HR Specialist,2.5,5870.0,1,4,2,36.7,99.1,26.9,0,6,0.0,88.3,No,1.0,12,72.4,Medium
EMP-0513,28,Male,Customer Support,Technical Support Engineer,8.0,10130.0,2,4,3,39.0,92.0,103.4,7,10,0.0,78.9,No,2.6,9,80.0,High
EMP-0514,33,Male,Sales,Business Development Rep,8.1,10490.0,2,3,3,45.2,98.2,22.1,2,7,20.8,63.8,No,4.2,11,58.3,Low
EMP-0515,22,Male,Engineering,Senior Software Engineer,1.3,5490.0,1,3,3,45.4,91.8,54.6,2,6,27.3,78.0,No,1.1,12,69.3,Medium
EMP-0516,37,Male,Sales,Sales Manager,11.3,13470.0,3,4,3,50.3,84.0,20.8,2,11,39.3,81.3,No,7.8,8,60.2,Medium
EMP-0517,24,Female,Sales,Sales Manager,1.7,5340.0,1,5,5,38.8,94.8,83.9,5,5,0.0,78.2,No,1.4,12,89.3,High
EMP-0518,30,Male,Finance,Auditor,5.7,11210.0,3,2,4,40.8,95.0,40.6,3,8,7.0,86.1,No,5.2,6,67.0,Medium
EMP-0519,30,Female,Engineering,Software Engineer,6.0,11730.0,3,2,4,37.8,96.1,32.5,3,9,0.0,85.2,Yes,4.1,7,65.7,Medium
EMP-0520,26,Male,Human Resources,HR Business Partner,4.2,6260.0,1,3,3,46.1,98.8,62.3,4,4,31.0,85.6,No,1.7,10,72.6,Medium
EMP-0521,21,Male,Marketing,Growth Manager,0.5,7220.0,2,4,2,46.0,95.3,10.6,1,2,30.0,84.9,No,0.3,9,64.2,Medium
EMP-0522,38,Female,Operations,Operations Manager,12.0,16120.0,4,5,5,38.1,83.6,44.3,4,11,0.0,77.9,No,6.0,11,84.6,High
EMP-0523,31,Female,Sales,Business Development Rep,7.1,12020.0,3,3,2,44.1,96.0,39.6,2,8,15.4,75.3,Yes,6.3,13,69.1,Medium
EMP-0524,24,Female,Operations,Supply Chain Analyst,3.7,6130.0,1,4,4,39.9,96.5,52.1,2,4,0.0,93.5,Yes,2.4,8,81.5,High
EMP-0525,22,Male,Human Resources,Talent Acquisition Lead,2.9,6290.0,1,3,3,39.0,91.2,28.5,2,6,0.0,79.6,No,2.4,11,67.5,Medium
EMP-0526,21,Female,Finance,Financial Analyst,1.3,7550.0,2,4,2,40.4,92.7,34.4,3,5,3.4,71.8,No,1.1,10,60.6,Medium
EMP-0527,27,Female,Operations,Process Lead,3.2,6100.0,1,3,4,37.1,94.3,45.2,2,5,0.0,82.1,No,1.1,4,69.6,Medium
EMP-0528,23,Non-Binary,Marketing,SEO Analyst,2.6,5360.0,1,4,3,36.1,92.7,22.8,0,5,0.0,82.4,No,0.7,5,70.1,Medium
EMP-0529,32,Non-Binary,Sales,Account Executive,7.5,9930.0,2,2,2,43.6,90.7,27.9,1,8,16.2,71.6,No,4.2,10,59.3,Low
EMP-0530,30,Male,Customer Support,Technical Support Engineer,4.9,7440.0,1,3,5,43.4,98.2,35.4,3,4,16.5,64.8,Yes,3.8,9,65.6,Medium
EMP-0531,22,Female,Marketing,SEO Analyst,1.5,7780.0,2,2,3,33.8,90.3,13.2,1,5,0.0,98.0,No,1.2,9,64.8,Medium
EMP-0532,21,Male,Customer Support,Customer Success Manager,2.3,5760.0,1,3,3,47.9,99.7,40.0,2,3,33.8,93.3,No,2.1,11,70.9,Medium
EMP-0533,26,Male,Engineering,Tech Lead,3.7,7250.0,1,3,3,31.8,90.6,24.6,0,3,0.0,66.3,Yes,2.3,6,61.1,Medium
EMP-0534,33,Male,Sales,Sales Executive,10.0,13430.0,3,3,3,40.1,88.3,7.5,0,11,10.8,47.7,No,4.6,11,47.8,Low
EMP-0535,34,Female,Finance,Accountant,9.4,10480.0,2,1,3,38.2,95.9,43.7,4,9,0.0,77.1,No,7.9,10,65.2,Medium
EMP-0536,24,Female,Finance,Accountant,2.5,6060.0,1,3,3,35.9,99.7,17.1,2,3,0.0,78.1,No,1.4,7,65.7,Medium
EMP-0537,22,Female,Operations,Logistics Coordinator,3.5,6250.0,1,2,3,40.3,89.4,13.7,0,3,1.0,72.5,No,1.5,6,55.5,Low
EMP-0538,36,Female,Marketing,Marketing Specialist,11.5,15530.0,4,3,2,38.3,82.0,32.1,1,12,0.0,85.9,No,3.5,6,72.2,Medium
EMP-0539,27,Female,Customer Support,Technical Support Engineer,3.9,6750.0,1,1,3,40.5,94.8,27.0,0,8,4.3,82.3,No,1.8,6,56.2,Low
EMP-0540,24,Male,Customer Support,Technical Support Engineer,3.5,8900.0,2,3,3,38.0,99.8,31.7,1,7,0.0,76.1,No,3.0,9,69.4,Medium
EMP-0541,27,Non-Binary,Engineering,Software Engineer,2.9,6550.0,1,4,4,49.1,94.5,35.3,2,4,42.2,74.1,No,0.5,11,68.5,Medium
EMP-0542,27,Male,Customer Support,Support Specialist,2.8,8670.0,2,4,2,37.6,87.1,32.8,1,5,0.0,76.6,No,1.2,8,65.7,Medium
EMP-0543,28,Other,Customer Support,Technical Support Engineer,5.9,11430.0,3,2,3,50.3,95.6,15.2,1,6,40.4,77.8,No,1.7,6,49.6,Low
EMP-0544,29,Male,Marketing,Marketing Specialist,9.9,10380.0,2,4,1,41.4,94.6,32.4,1,8,10.5,62.1,No,0.3,9,61.8,Medium
EMP-0545,21,Female,Finance,Accountant,1.1,7840.0,2,3,2,42.7,91.7,13.5,0,3,14.2,74.6,Yes,0.9,5,60.5,Medium
EMP-0546,28,Female,Operations,Process Lead,7.1,11910.0,3,2,2,44.3,94.6,5.8,1,10,19.1,70.8,No,5.4,12,53.0,Low
EMP-0547,32,Female,Operations,Logistics Coordinator,9.7,13470.0,3,3,3,36.7,98.2,41.3,2,11,0.0,62.6,Yes,4.0,9,73.3,Medium
EMP-0548,26,Male,Marketing,Content Strategist,6.4,8710.0,2,1,2,50.3,97.1,16.9,0,9,43.4,79.1,No,3.0,11,53.7,Low
EMP-0549,32,Female,Engineering,Senior Software Engineer,7.9,9990.0,2,4,2,52.8,89.4,19.9,0,9,54.2,94.2,No,1.6,6,52.4,Low
EMP-0550,27,Male,Customer Support,Support Specialist,2.5,4970.0,1,3,5,46.1,91.0,53.0,4,4,28.0,73.3,No,0.6,13,66.8,Medium
EMP-0551,23,Female,Customer Support,Support Specialist,2.6,6080.0,1,3,2,28.1,97.2,35.0,3,4,0.0,59.0,No,0.4,15,52.9,Low
EMP-0552,24,Female,Sales,Sales Executive,1.3,5680.0,1,5,2,40.4,87.2,25.6,0,2,2.0,60.8,No,0.4,8,62.8,Medium
EMP-0553,30,Female,Engineering,Software Engineer,8.8,10970.0,2,3,3,32.0,99.1,52.5,3,11,0.0,65.3,No,7.1,8,62.4,Medium
EMP-0554,22,Female,Operations,Logistics Coordinator,2.7,8180.0,2,1,2,38.2,93.3,17.6,1,5,0.0,64.8,No,1.4,8,51.6,Low
EMP-0555,38,Female,Human Resources,HR Specialist,12.0,14120.0,3,4,3,41.6,90.3,26.6,2,12,8.4,62.6,No,0.4,8,62.4,Medium
EMP-0556,25,Non-Binary,Customer Support,Technical Support Engineer,2.7,8590.0,2,3,3,45.5,95.1,46.1,3,3,22.0,67.8,Yes,2.7,10,67.9,Medium
EMP-0557,39,Female,Human Resources,Compensation Analyst,15.6,19750.0,5,5,5,49.0,98.3,9.9,0,13,41.3,89.7,No,3.8,9,77.5,Medium
EMP-0558,26,Male,Finance,Auditor,7.2,9390.0,2,1,3,42.7,98.4,26.8,2,7,10.7,89.1,No,6.2,6,64.2,Medium
EMP-0559,27,Non-Binary,Customer Support,Support Specialist,7.2,9300.0,2,3,3,30.0,92.6,26.5,0,10,0.0,82.1,No,4.5,6,72.3,Medium
EMP-0560,24,Male,Operations,Logistics Coordinator,5.0,11690.0,3,4,4,47.0,94.9,38.3,1,5,33.4,93.8,No,2.3,9,71.4,Medium
EMP-0561,24,Other,Marketing,Growth Manager,1.9,8090.0,2,3,3,37.9,83.8,21.9,2,3,0.0,95.4,No,0.8,7,72.4,Medium
EMP-0562,25,Female,Engineering,DevOps Engineer,6.3,9730.0,2,3,1,36.0,97.6,25.1,1,9,0.0,64.6,No,4.6,7,64.3,Medium
EMP-0563,35,Male,Operations,Supply Chain Analyst,9.8,10190.0,2,2,3,38.8,92.7,42.1,2,12,0.0,92.8,No,2.0,8,71.3,Medium
EMP-0564,30,Male,Marketing,Marketing Specialist,8.4,10140.0,2,3,4,40.4,94.8,35.0,3,11,1.9,83.2,Yes,4.3,9,83.3,High
EMP-0565,24,Male,Marketing,Marketing Specialist,4.7,6380.0,1,5,4,39.1,91.4,51.2,2,4,0.0,56.0,Yes,2.5,11,69.4,Medium
EMP-0566,28,Female,Engineering,Tech Lead,8.3,12160.0,3,3,1,50.9,85.6,35.1,1,11,46.3,73.4,Yes,4.9,6,64.3,Medium
EMP-0567,23,Male,Engineering,QA Engineer,2.6,8480.0,2,4,3,47.6,90.5,26.2,2,4,37.9,74.2,Yes,1.5,5,64.8,Medium
EMP-0568,21,Female,Operations,Process Lead,2.2,6560.0,1,3,5,33.8,92.6,43.0,4,4,0.0,55.5,No,0.5,4,64.7,Medium
EMP-0569,26,Female,Sales,Sales Manager,2.6,9410.0,2,2,3,40.3,87.6,64.7,3,6,5.0,78.8,Yes,1.9,13,73.5,Medium
EMP-0570,33,Female,Customer Support,Technical Support Engineer,11.5,14290.0,3,3,5,50.9,98.8,28.9,2,13,48.8,98.3,No,7.1,7,75.2,Medium
EMP-0571,28,Female,Customer Support,Support Specialist,3.9,5890.0,1,3,3,46.1,98.1,22.2,2,7,27.4,71.7,Yes,3.2,6,67.0,Medium
EMP-0572,26,Male,Operations,Process Lead,4.9,7350.0,1,5,3,45.1,99.1,5.0,0,6,18.7,97.2,No,3.0,12,72.2,Medium
EMP-0573,30,Male,Human Resources,Talent Acquisition Lead,5.5,10650.0,2,4,4,41.8,96.4,35.0,3,8,12.4,65.8,No,1.5,7,70.8,Medium
EMP-0574,30,Female,Finance,Finance Manager,7.8,9140.0,2,3,3,49.1,87.8,78.7,6,8,45.9,71.1,No,2.5,8,61.0,Medium
EMP-0575,26,Male,Marketing,Marketing Specialist,2.5,8500.0,2,4,3,32.5,94.6,68.4,4,7,0.0,60.1,No,2.1,8,66.5,Medium
EMP-0576,32,Male,Marketing,Growth Manager,11.2,13590.0,3,2,3,47.3,87.1,45.9,4,13,32.2,77.2,No,0.2,6,65.6,Medium
EMP-0577,26,Female,Marketing,Content Strategist,4.2,9680.0,2,1,3,46.8,90.6,36.3,1,5,29.0,69.4,No,3.2,10,49.6,Low
EMP-0578,26,Female,Human Resources,Compensation Analyst,6.2,9270.0,2,3,3,36.2,86.4,20.5,2,5,0.0,66.4,Yes,0.3,14,61.5,Medium
EMP-0579,23,Male,Finance,Finance Manager,2.9,6470.0,1,4,2,43.1,89.9,16.7,1,6,21.0,74.1,No,1.4,9,63.5,Medium
EMP-0580,27,Non-Binary,Customer Support,Customer Success Manager,2.8,6170.0,1,5,2,41.5,92.8,11.8,0,6,9.8,65.7,No,2.0,7,60.4,Medium
EMP-0581,24,Female,Operations,Operations Manager,3.4,6560.0,1,4,5,43.8,96.1,8.1,0,3,11.4,65.7,No,2.7,5,63.8,Medium
EMP-0582,29,Female,Human Resources,HR Business Partner,3.8,8610.0,2,3,2,38.4,94.6,114.5,9,7,0.0,78.4,No,2.9,10,70.7,Medium
EMP-0583,30,Male,Operations,Supply Chain Analyst,8.5,10330.0,2,3,4,51.2,92.7,23.7,2,9,49.7,73.5,No,5.0,10,63.8,Medium
EMP-0584,27,Male,Operations,Supply Chain Analyst,4.8,8660.0,2,2,3,36.4,99.1,119.5,9,5,0.0,50.1,No,4.1,7,55.0,Low
EMP-0585,47,Female,Customer Support,Technical Support Engineer,23.9,22520.0,5,4,2,45.7,85.5,65.2,3,20,25.5,82.5,Yes,5.2,10,81.4,High
EMP-0586,34,Male,Customer Support,Technical Support Engineer,9.0,11020.0,2,5,1,39.2,95.5,30.4,3,12,5.9,72.8,No,4.2,9,69.2,Medium
EMP-0587,34,Male,Sales,Sales Executive,12.0,13980.0,3,5,5,47.1,91.6,22.7,2,12,34.6,74.8,No,7.8,10,81.0,High
EMP-0588,26,Female,Customer Support,Customer Success Manager,5.5,9920.0,2,3,5,50.8,89.2,30.4,1,8,48.2,75.2,No,3.7,12,57.0,Low
EMP-0589,34,Female,Customer Support,Customer Success Manager,12.9,14230.0,3,4,2,35.0,89.8,12.8,1,11,0.0,57.9,No,7.3,11,62.0,Medium
EMP-0590,24,Female,Operations,Process Lead,3.5,8790.0,2,2,3,38.9,87.7,48.0,2,4,0.0,67.9,No,2.8,12,63.6,Medium
EMP-0591,24,Female,Marketing,Content Strategist,1.6,6350.0,1,5,3,46.4,95.1,16.4,2,5,31.6,83.5,No,0.8,11,67.4,Medium
EMP-0592,24,Male,Engineering,Software Engineer,4.0,8550.0,2,4,2,35.0,90.8,26.4,2,7,0.0,84.5,Yes,0.3,13,68.5,Medium
EMP-0593,26,Female,Customer Support,Support Specialist,2.6,7050.0,1,3,4,44.3,94.4,26.0,1,5,19.7,68.0,No,2.4,10,56.3,Low
EMP-0594,31,Female,Customer Support,Technical Support Engineer,6.9,12320.0,3,4,5,41.5,82.7,52.5,4,9,4.7,64.1,No,6.2,9,68.2,Medium
EMP-0595,26,Non-Binary,Human Resources,HR Business Partner,6.0,9840.0,2,3,3,39.5,97.4,50.7,2,6,0.0,67.9,Yes,3.9,10,77.6,Medium
EMP-0596,36,Male,Finance,Financial Analyst,11.1,15500.0,4,5,2,40.7,94.0,45.0,4,12,3.9,80.0,No,3.8,9,78.5,Medium
EMP-0597,31,Male,Engineering,DevOps Engineer,6.2,11910.0,3,5,3,36.7,85.8,18.6,0,5,0.0,59.5,Yes,3.4,5,60.3,Medium
EMP-0598,26,Male,Marketing,Marketing Specialist,5.4,11780.0,3,2,3,40.4,95.9,27.3,2,8,3.6,67.3,Yes,2.5,7,58.6,Low
EMP-0599,24,Male,Customer Support,Technical Support Engineer,3.1,6570.0,1,1,3,46.6,98.4,62.9,4,3,31.9,80.8,No,1.2,11,63.2,Medium
EMP-0600,27,Male,Engineering,DevOps Engineer,4.4,6570.0,1,3,2,38.7,94.8,82.3,6,5,0.0,63.7,No,4.1,9,62.7,Medium
EMP-0601,22,Male,Operations,Process Lead,3.2,6680.0,1,4,3,43.0,98.9,50.2,4,6,18.6,67.1,Yes,0.4,9,66.4,Medium
EMP-0602,25,Male,Sales,Sales Executive,4.1,5890.0,1,5,3,41.5,92.0,18.3,0,4,10.6,70.4,No,0.7,12,63.9,Medium
EMP-0603,26,Female,Operations,Logistics Coordinator,4.5,7380.0,1,3,4,37.3,95.3,61.8,5,6,0.0,74.9,No,3.1,9,79.1,Medium
EMP-0604,27,Male,Finance,Accountant,4.9,9510.0,2,3,2,39.0,95.7,16.2,2,6,0.0,93.8,No,2.1,7,68.4,Medium
EMP-0605,32,Female,Marketing,Content Strategist,9.9,12520.0,3,3,3,42.8,96.9,85.1,5,12,10.5,92.3,No,1.2,12,89.4,High
EMP-0606,33,Non-Binary,Human Resources,Compensation Analyst,8.4,9630.0,2,3,3,39.5,96.1,66.7,4,8,3.2,85.7,Yes,3.8,9,74.9,Medium
EMP-0607,27,Male,Customer Support,Support Specialist,4.2,6660.0,1,4,3,28.0,96.7,51.6,3,7,0.0,81.2,No,1.1,8,78.0,Medium
EMP-0608,22,Male,Human Resources,HR Specialist,3.4,6260.0,1,2,3,34.8,89.5,18.2,2,4,0.0,71.6,No,3.4,9,62.7,Medium
EMP-0609,38,Male,Human Resources,Compensation Analyst,12.6,16060.0,4,3,3,40.0,98.6,42.0,2,11,6.0,57.9,Yes,5.1,8,68.8,Medium
EMP-0610,36,Female,Marketing,SEO Analyst,10.8,13120.0,3,5,4,49.4,89.6,19.3,2,11,38.2,56.6,No,3.9,11,59.5,Low
EMP-0611,24,Female,Customer Support,Customer Success Manager,2.8,8750.0,2,3,3,46.0,96.4,20.7,1,6,30.8,72.8,No,2.7,12,51.9,Low
EMP-0612,30,Female,Finance,Accountant,6.7,9490.0,2,3,3,35.7,91.5,15.3,1,8,0.0,67.8,Yes,0.8,5,50.4,Low
EMP-0613,26,Male,Human Resources,Compensation Analyst,7.0,9760.0,2,4,5,42.0,87.2,18.4,1,8,11.6,77.3,No,3.8,8,71.0,Medium
EMP-0614,25,Female,Human Resources,HR Business Partner,3.8,6720.0,1,4,2,40.4,95.9,36.4,1,7,6.6,69.9,Yes,1.4,9,71.5,Medium
EMP-0615,28,Male,Customer Support,Technical Support Engineer,4.9,9810.0,2,3,5,39.7,88.7,31.7,3,7,5.3,81.6,No,0.7,10,70.7,Medium
EMP-0616,23,Male,Customer Support,Support Specialist,4.4,7020.0,1,3,3,47.5,82.9,26.4,1,5,29.9,71.6,No,0.7,8,60.4,Medium
EMP-0617,28,Male,Customer Support,Support Specialist,5.5,9740.0,2,5,4,44.9,90.6,17.4,1,9,24.8,80.2,No,3.2,7,79.6,Medium
EMP-0618,25,Male,Human Resources,HR Specialist,2.1,6420.0,1,4,1,34.2,97.1,52.1,3,4,0.0,84.2,No,1.3,7,67.2,Medium
EMP-0619,32,Female,Customer Support,Support Specialist,6.7,11940.0,3,4,3,47.9,95.8,21.0,1,10,30.0,60.7,Yes,0.7,7,65.6,Medium
EMP-0620,30,Male,Engineering,QA Engineer,7.6,11950.0,3,4,3,35.3,85.9,31.3,2,8,0.0,75.5,Yes,6.7,9,73.3,Medium
EMP-0621,29,Male,Customer Support,Customer Success Manager,7.9,9680.0,2,5,3,38.7,89.1,16.6,0,10,0.0,89.2,No,6.4,8,79.8,Medium
EMP-0622,34,Male,Marketing,Marketing Specialist,8.3,10860.0,2,2,3,32.2,85.6,17.1,2,8,0.0,77.1,No,7.2,8,59.0,Low
EMP-0623,28,Male,Sales,Account Executive,6.1,11480.0,3,3,4,45.7,90.7,21.7,1,8,21.7,66.4,No,0.6,10,54.2,Low
EMP-0624,25,Female,Engineering,DevOps Engineer,0.9,5310.0,1,3,2,47.1,92.2,50.2,2,1,36.7,83.5,No,0.8,11,60.4,Medium
EMP-0625,25,Other,Human Resources,Compensation Analyst,4.0,8180.0,2,3,4,38.6,93.4,42.1,4,4,0.0,74.4,No,1.7,9,66.1,Medium
EMP-0626,34,Female,Customer Support,Customer Success Manager,10.9,15340.0,4,3,3,39.7,89.0,35.5,2,10,1.3,65.9,Yes,1.1,11,61.4,Medium
EMP-0627,24,Male,Marketing,Marketing Specialist,4.2,7510.0,1,4,4,31.4,97.8,15.6,1,7,0.0,68.9,No,3.1,7,69.6,Medium
EMP-0628,40,Male,Marketing,Marketing Specialist,13.8,16590.0,4,3,3,42.2,78.7,32.6,3,16,13.6,99.0,No,3.7,11,70.5,Medium
EMP-0629,34,Male,Sales,Business Development Rep,11.2,13580.0,3,3,2,53.5,97.8,18.8,0,10,55.0,74.8,Yes,5.1,8,57.2,Low
EMP-0630,27,Male,Finance,Financial Analyst,7.4,9840.0,2,4,5,44.5,83.1,20.8,2,9,19.5,85.3,No,0.9,11,69.1,Medium
EMP-0631,36,Female,Human Resources,Talent Acquisition Lead,13.5,13730.0,3,2,3,34.2,95.7,55.1,4,13,0.0,65.7,Yes,7.3,8,68.1,Medium
EMP-0632,24,Male,Sales,Account Executive,2.8,5070.0,1,1,3,43.9,97.9,21.9,1,3,15.8,64.4,No,1.7,9,56.7,Low
EMP-0633,38,Female,Marketing,Growth Manager,16.5,17690.0,4,3,4,38.9,95.8,13.7,0,14,0.0,57.6,No,6.9,10,63.7,Medium
EMP-0634,28,Female,Marketing,SEO Analyst,5.3,9490.0,2,3,3,46.7,96.3,20.6,2,6,30.9,71.1,No,4.3,8,58.0,Low
EMP-0635,22,Male,Engineering,DevOps Engineer,3.0,6740.0,1,5,1,35.5,96.2,72.0,5,3,0.0,87.9,No,0.3,8,78.0,Medium
EMP-0636,24,Non-Binary,Engineering,Software Engineer,1.8,5740.0,1,4,2,37.8,95.2,16.4,1,2,0.0,99.0,No,1.0,14,64.8,Medium
EMP-0637,27,Female,Customer Support,Support Specialist,2.5,6220.0,1,3,5,33.4,95.7,17.3,1,7,0.0,77.7,No,0.3,13,67.0,Medium
EMP-0638,32,Male,Customer Support,Customer Success Manager,7.1,11920.0,3,5,3,43.2,95.7,12.2,1,9,16.6,61.0,No,2.2,11,64.0,Medium
EMP-0639,24,Male,Sales,Business Development Rep,4.9,7810.0,1,5,4,39.5,86.0,32.2,1,7,2.3,77.6,No,3.4,9,66.8,Medium
EMP-0640,31,Female,Finance,Financial Analyst,6.4,9990.0,2,2,1,34.3,91.0,13.9,0,8,0.0,84.5,Yes,3.1,7,54.9,Low
EMP-0641,35,Male,Engineering,DevOps Engineer,10.6,13550.0,3,1,4,48.9,97.4,18.2,0,10,37.7,71.8,No,3.8,9,58.8,Low
EMP-0642,28,Female,Engineering,DevOps Engineer,5.5,9870.0,2,3,2,42.6,96.8,25.1,0,8,14.0,57.8,No,5.3,6,58.2,Low
EMP-0643,30,Female,Finance,Financial Analyst,4.7,7740.0,1,5,5,43.5,93.6,21.3,1,4,18.6,91.0,Yes,2.7,10,81.5,High
EMP-0644,40,Male,Finance,Financial Analyst,15.2,19890.0,5,4,2,41.9,85.2,31.9,2,13,11.6,76.4,No,0.9,7,67.4,Medium
EMP-0645,29,Non-Binary,Customer Support,Technical Support Engineer,4.6,6740.0,1,4,3,50.6,97.1,27.2,0,8,47.6,78.3,Yes,0.5,9,62.4,Medium
EMP-0646,26,Male,Customer Support,Customer Success Manager,3.7,6960.0,1,4,4,42.4,97.5,51.5,2,6,11.7,65.4,No,2.4,11,64.0,Medium
EMP-0647,31,Female,Customer Support,Support Specialist,7.7,11960.0,3,4,2,47.3,94.4,35.3,3,7,32.6,74.4,No,4.4,12,63.1,Medium
EMP-0648,21,Female,Finance,Accountant,1.7,6440.0,1,1,4,43.5,86.6,46.2,4,4,14.1,59.5,No,0.6,7,47.5,Low
EMP-0649,32,Male,Marketing,SEO Analyst,6.4,11820.0,3,4,4,38.0,91.0,92.8,7,6,0.0,67.7,No,1.1,6,69.8,Medium
EMP-0650,22,Female,Marketing,Marketing Specialist,1.5,7580.0,2,1,3,48.2,89.2,85.3,5,5,39.4,89.1,No,0.8,5,68.5,Medium
EMP-0651,23,Female,Sales,Business Development Rep,4.4,6440.0,1,4,3,43.5,89.5,34.4,1,7,12.3,66.2,No,0.8,6,70.2,Medium
EMP-0652,30,Female,Marketing,Marketing Specialist,7.0,9760.0,2,3,4,42.9,89.5,57.0,3,8,13.5,77.0,No,5.0,6,74.1,Medium
EMP-0653,29,Female,Operations,Logistics Coordinator,7.9,13510.0,3,3,2,34.4,93.6,16.3,2,10,0.0,64.5,Yes,0.3,6,63.5,Medium
EMP-0654,28,Male,Engineering,Senior Software Engineer,3.9,6330.0,1,3,3,35.4,91.2,102.2,6,6,0.0,71.6,No,2.8,9,78.2,Medium
EMP-0655,31,Male,Marketing,Marketing Specialist,10.8,13140.0,3,5,4,45.5,93.9,35.9,3,11,22.6,57.3,No,4.1,8,62.7,Medium
EMP-0656,31,Non-Binary,Human Resources,HR Specialist,10.2,15440.0,4,4,4,37.9,94.5,15.0,2,13,0.0,99.0,Yes,4.2,10,83.0,High
EMP-0657,27,Male,Finance,Accountant,3.3,6500.0,1,1,1,44.6,88.9,18.2,2,7,24.2,66.8,Yes,1.9,10,49.7,Low
EMP-0658,43,Female,Marketing,Growth Manager,16.9,18130.0,4,2,4,42.7,94.0,27.5,2,15,12.3,74.4,No,1.1,8,70.0,Medium
EMP-0659,29,Female,Sales,Business Development Rep,5.8,9280.0,2,4,4,44.9,92.6,11.3,0,8,22.9,63.3,No,2.5,11,59.9,Low
EMP-0660,27,Male,Engineering,Tech Lead,5.9,11760.0,3,2,4,46.0,91.1,68.8,5,9,26.3,87.1,Yes,4.6,7,74.1,Medium
EMP-0661,25,Male,Marketing,Growth Manager,5.2,9270.0,2,2,5,38.7,88.7,10.4,0,7,0.0,83.7,No,4.8,7,67.1,Medium
EMP-0662,31,Female,Sales,Sales Executive,6.8,12330.0,3,2,3,37.7,79.8,63.0,4,10,0.0,79.4,Yes,0.9,10,70.9,Medium
EMP-0663,31,Female,Engineering,Software Engineer,7.8,12510.0,3,2,4,40.3,85.4,14.0,2,7,1.1,86.4,No,0.3,9,61.7,Medium
EMP-0664,36,Female,Operations,Operations Manager,10.4,13170.0,3,2,3,42.2,92.9,40.6,2,12,9.5,81.1,Yes,4.0,11,67.3,Medium
EMP-0665,28,Male,Sales,Sales Executive,5.2,9470.0,2,1,3,46.3,84.2,64.0,3,7,29.6,61.1,No,3.5,10,55.4,Low
EMP-0666,25,Male,Human Resources,Compensation Analyst,1.1,6190.0,1,1,5,38.2,94.9,15.3,2,4,0.0,81.2,No,0.8,8,62.8,Medium
EMP-0667,27,Female,Engineering,Software Engineer,7.8,10180.0,2,3,5,43.1,89.7,32.8,2,9,12.4,67.8,Yes,6.0,7,67.7,Medium
EMP-0668,28,Male,Operations,Operations Manager,3.3,8100.0,2,1,4,51.2,93.8,25.3,2,7,47.7,57.4,No,2.1,8,44.3,Low
EMP-0669,23,Female,Customer Support,Customer Success Manager,4.0,6140.0,1,3,1,40.8,91.8,44.1,4,6,10.1,80.4,No,2.5,11,55.6,Low
EMP-0670,26,Female,Finance,Financial Analyst,1.8,5880.0,1,3,2,36.3,88.2,28.6,2,2,0.0,75.6,No,0.5,7,59.3,Low
EMP-0671,31,Male,Engineering,Tech Lead,8.2,10010.0,2,4,3,46.9,84.2,34.0,2,7,35.9,84.3,Yes,2.6,9,68.2,Medium
EMP-0672,28,Male,Operations,Logistics Coordinator,3.4,6480.0,1,3,3,40.8,97.6,24.0,1,7,9.2,75.9,No,2.2,9,66.9,Medium
EMP-0673,24,Female,Operations,Process Lead,2.5,6090.0,1,4,4,39.0,86.7,120.0,7,3,0.9,70.6,No,2.2,9,70.5,Medium
EMP-0674,23,Male,Sales,Sales Manager,2.8,8100.0,2,3,3,38.9,99.7,14.6,1,3,0.0,75.9,No,2.7,8,66.1,Medium
EMP-0675,29,Non-Binary,Human Resources,HR Business Partner,3.9,8230.0,2,2,3,42.6,90.9,94.9,5,8,11.9,83.8,No,2.7,9,72.4,Medium
EMP-0676,32,Female,Finance,Finance Manager,7.5,12350.0,3,3,3,44.3,95.5,26.1,0,9,22.5,92.4,No,2.4,12,73.4,Medium
EMP-0677,28,Male,Customer Support,Support Specialist,5.4,9960.0,3,5,4,39.0,99.7,23.0,2,7,0.0,91.0,No,2.9,12,84.8,High
EMP-0678,21,Female,Operations,Logistics Coordinator,1.1,5920.0,1,3,3,44.5,97.3,13.3,0,1,16.2,97.2,No,1.0,9,62.7,Medium
EMP-0679,30,Female,Marketing,Marketing Specialist,8.3,11650.0,3,3,3,47.3,96.1,14.4,2,11,32.1,65.4,Yes,4.0,12,63.2,Medium
EMP-0680,22,Male,Engineering,DevOps Engineer,3.3,6750.0,1,5,2,49.1,98.1,31.7,2,3,42.7,60.8,No,1.6,7,57.5,Low
EMP-0681,27,Male,Marketing,Content Strategist,2.5,5960.0,1,3,2,34.9,93.0,71.6,6,4,0.0,66.0,No,1.1,8,64.4,Medium
EMP-0682,21,Male,Finance,Finance Manager,2.1,5870.0,1,2,5,50.9,85.5,24.3,2,6,51.0,76.5,No,0.6,7,53.4,Low
EMP-0683,29,Female,Operations,Logistics Coordinator,3.7,8790.0,2,3,4,46.5,88.1,78.1,4,3,27.2,87.4,Yes,1.5,8,71.7,Medium
EMP-0684,26,Female,Human Resources,HR Specialist,7.2,9700.0,2,3,5,40.8,86.3,18.2,1,10,10.8,75.8,No,3.3,12,62.7,Medium
EMP-0685,24,Female,Engineering,Software Engineer,2.8,7030.0,1,3,4,48.0,95.9,37.2,3,6,36.4,80.1,No,1.9,7,60.3,Medium
EMP-0686,27,Female,Engineering,Software Engineer,8.1,10250.0,2,5,2,36.2,96.2,11.3,0,10,0.0,92.2,No,4.1,6,83.8,High
EMP-0687,28,Female,Operations,Operations Manager,4.4,7190.0,1,3,4,39.8,99.1,97.3,5,5,0.2,62.1,Yes,1.0,7,70.5,Medium
EMP-0688,28,Male,Sales,Sales Manager,6.8,10840.0,3,2,5,33.6,81.4,28.9,3,10,0.0,62.6,No,3.8,7,59.2,Low
EMP-0689,31,Female,Customer Support,Support Specialist,7.9,12420.0,3,3,2,34.4,94.2,55.1,4,9,0.0,79.9,No,2.6,10,74.2,Medium
EMP-0690,38,Male,Engineering,QA Engineer,13.2,13800.0,3,3,3,46.4,93.4,29.8,1,13,30.1,76.7,No,6.2,13,68.0,Medium
EMP-0691,32,Male,Finance,Accountant,11.7,15660.0,4,4,4,37.2,92.6,46.9,2,14,0.0,77.8,No,1.1,11,74.7,Medium
EMP-0692,25,Male,Engineering,DevOps Engineer,4.4,9520.0,2,2,4,38.4,82.8,22.0,0,8,0.0,96.4,Yes,2.0,16,73.6,Medium
EMP-0693,33,Female,Human Resources,Compensation Analyst,11.7,14730.0,4,1,3,33.8,85.1,74.1,5,13,0.0,77.6,No,6.4,14,61.8,Medium
EMP-0694,26,Male,Marketing,Content Strategist,3.9,8850.0,2,3,2,41.5,90.3,50.7,2,4,6.6,84.0,No,3.8,9,63.7,Medium
EMP-0695,25,Female,Marketing,Marketing Specialist,2.1,6370.0,1,2,4,42.1,96.3,42.6,4,3,9.0,62.4,No,0.5,7,55.2,Low
EMP-0696,39,Male,Sales,Account Executive,15.8,19170.0,5,3,5,39.8,95.9,42.8,4,17,6.3,76.2,Yes,2.4,10,78.7,Medium
EMP-0697,26,Female,Customer Support,Support Specialist,2.9,5250.0,1,3,4,43.3,89.1,55.6,4,5,17.5,83.9,No,1.6,8,67.8,Medium
EMP-0698,31,Female,Marketing,Growth Manager,5.5,11280.0,3,2,2,46.7,98.7,28.2,1,9,29.8,54.3,No,2.4,9,50.2,Low
EMP-0699,33,Female,Sales,Business Development Rep,8.1,12410.0,3,5,4,40.5,95.2,49.3,3,8,4.1,72.0,Yes,4.1,8,73.5,Medium
EMP-0700,27,Female,Operations,Operations Manager,2.8,8080.0,2,3,4,49.4,97.4,53.4,2,6,41.2,80.2,No,1.5,7,67.8,Medium
EMP-0701,23,Male,Finance,Finance Manager,4.1,7700.0,1,3,1,38.1,99.9,67.8,3,8,0.0,99.0,No,3.4,6,73.8,Medium
EMP-0702,26,Male,Marketing,Content Strategist,5.3,11270.0,3,3,4,35.0,98.8,47.6,4,6,0.0,68.5,No,0.8,13,64.0,Medium
EMP-0703,25,Female,Human Resources,HR Business Partner,6.0,12690.0,3,3,2,36.5,90.5,41.5,3,6,0.0,75.5,No,0.9,11,67.7,Medium
EMP-0704,25,Male,Finance,Accountant,3.4,6090.0,1,4,2,39.5,87.8,23.2,0,7,0.0,61.6,Yes,2.2,8,63.4,Medium
EMP-0705,25,Male,Engineering,DevOps Engineer,1.7,5620.0,1,3,3,46.8,96.1,17.1,0,4,26.6,75.0,No,0.3,9,62.5,Medium
EMP-0706,32,Female,Operations,Operations Manager,9.8,12520.0,3,3,2,43.9,96.9,42.7,3,11,18.0,72.1,No,1.9,10,69.8,Medium
EMP-0707,28,Male,Finance,Financial Analyst,8.9,10980.0,2,2,2,38.1,88.4,51.3,4,11,0.0,88.8,Yes,5.4,3,69.3,Medium
EMP-0708,27,Male,Engineering,Tech Lead,4.5,6230.0,1,3,3,44.9,90.3,60.0,4,5,25.0,72.3,No,1.5,12,69.9,Medium
EMP-0709,28,Male,Marketing,SEO Analyst,5.8,10140.0,2,3,4,38.8,82.7,70.0,6,5,4.7,80.9,Yes,0.2,8,66.5,Medium
EMP-0710,21,Female,Marketing,Marketing Specialist,2.5,8040.0,2,2,3,46.6,89.5,41.5,1,7,31.2,70.2,No,1.4,9,55.3,Low
EMP-0711,26,Male,Customer Support,Support Specialist,4.5,7430.0,1,5,3,46.3,94.5,35.6,2,8,31.1,68.0,No,1.9,6,68.8,Medium
EMP-0712,33,Male,Human Resources,Compensation Analyst,8.3,12490.0,3,4,4,42.3,92.4,44.8,4,8,13.5,79.4,No,6.0,7,77.9,Medium
EMP-0713,30,Male,Engineering,DevOps Engineer,6.8,9880.0,2,2,5,42.1,94.1,29.4,3,6,11.3,76.6,No,4.7,8,63.8,Medium
EMP-0714,22,Female,Human Resources,HR Specialist,2.6,7030.0,1,2,3,50.5,98.3,40.1,3,5,44.5,72.0,No,2.1,13,54.8,Low
EMP-0715,34,Male,Sales,Sales Executive,9.5,10630.0,2,3,2,40.6,86.0,8.3,1,11,0.0,83.2,No,4.6,11,64.3,Medium
EMP-0716,36,Male,Marketing,Content Strategist,14.8,17450.0,4,3,3,52.7,94.6,32.8,3,15,54.7,75.3,No,3.9,6,65.9,Medium
EMP-0717,37,Female,Human Resources,HR Specialist,11.8,13900.0,3,2,4,32.7,85.1,37.2,2,13,0.0,71.3,No,4.2,11,70.0,Medium
EMP-0718,23,Male,Human Resources,Talent Acquisition Lead,2.5,6280.0,1,5,1,33.9,93.1,18.9,0,4,0.0,79.3,No,1.5,9,65.4,Medium
EMP-0719,27,Male,Marketing,Growth Manager,6.7,11590.0,3,3,3,45.9,86.5,47.9,4,10,23.0,61.2,No,1.2,12,67.5,Medium
EMP-0720,25,Female,Marketing,SEO Analyst,4.2,7190.0,1,4,5,45.9,88.0,39.9,1,7,26.1,75.5,No,2.3,7,70.9,Medium
EMP-0721,32,Non-Binary,Engineering,Senior Software Engineer,8.8,12830.0,3,4,2,37.7,90.1,33.4,2,9,0.0,85.6,No,0.8,9,63.8,Medium
EMP-0722,25,Female,Human Resources,HR Business Partner,2.9,5950.0,1,3,3,42.2,93.4,47.7,3,4,18.4,65.7,No,2.6,14,61.5,Medium
EMP-0723,36,Female,Human Resources,Talent Acquisition Lead,10.7,12650.0,3,5,1,47.3,88.6,31.2,3,11,28.5,77.7,No,4.7,11,67.7,Medium
EMP-0724,22,Male,Operations,Process Lead,1.7,8280.0,2,3,3,44.4,93.4,37.8,3,4,15.4,64.6,No,0.3,7,55.9,Low
EMP-0725,27,Female,Operations,Operations Manager,5.4,9300.0,2,3,1,54.1,98.0,46.6,4,9,55.0,69.6,No,3.9,6,58.2,Low
EMP-0726,24,Male,Finance,Finance Manager,5.1,9110.0,2,5,3,46.6,97.6,81.0,4,7,30.3,80.9,No,5.0,7,81.2,High
EMP-0727,32,Male,Finance,Accountant,7.2,9990.0,2,5,2,53.1,95.1,34.8,3,9,53.8,90.0,Yes,5.1,11,76.4,Medium
EMP-0728,30,Female,Human Resources,Compensation Analyst,5.9,11100.0,3,3,1,38.1,98.4,23.0,1,7,0.0,99.0,No,5.4,9,73.5,Medium
EMP-0729,52,Female,Engineering,Tech Lead,25.0,22420.0,5,2,2,42.0,96.7,18.3,0,23,4.4,70.5,Yes,2.7,13,64.3,Medium
EMP-0730,24,Male,Finance,Accountant,4.3,8370.0,2,2,1,47.5,99.6,69.3,4,5,33.6,66.9,No,1.2,5,61.3,Medium
EMP-0731,37,Male,Human Resources,Talent Acquisition Lead,15.3,16610.0,4,4,4,45.4,99.0,34.5,1,14,23.0,80.4,Yes,6.2,10,81.2,High
EMP-0732,46,Male,Operations,Logistics Coordinator,20.4,21450.0,5,2,5,35.0,91.9,38.2,1,18,0.0,78.7,No,1.3,9,75.8,Medium
EMP-0733,24,Male,Marketing,SEO Analyst,2.4,7980.0,2,3,3,46.2,98.2,37.6,2,3,29.4,83.4,No,1.9,6,71.1,Medium
EMP-0734,22,Male,Human Resources,HR Business Partner,1.5,5300.0,1,4,4,48.9,78.7,26.0,0,6,43.8,82.8,No,1.3,13,58.5,Low
EMP-0735,25,Male,Marketing,Growth Manager,4.1,6640.0,1,2,5,40.3,62.0,18.4,2,5,1.5,93.5,Yes,3.2,7,56.4,Low
EMP-0736,23,Female,Operations,Process Lead,1.3,7790.0,2,5,3,43.1,88.8,29.6,1,5,19.7,90.2,No,0.9,15,77.5,Medium
EMP-0737,28,Female,Engineering,DevOps Engineer,5.9,12210.0,3,1,3,43.2,99.0,18.8,2,8,17.9,69.4,No,5.7,10,52.1,Low
EMP-0738,29,Female,Sales,Sales Manager,4.1,7070.0,1,3,4,41.7,91.1,19.2,1,5,8.3,67.3,Yes,2.9,8,65.0,Medium
EMP-0739,24,Male,Marketing,Growth Manager,2.9,6170.0,1,3,5,44.2,94.3,11.6,0,7,12.9,74.6,No,0.8,7,70.0,Medium
EMP-0740,25,Female,Finance,Financial Analyst,1.5,5420.0,1,5,3,37.9,91.4,20.4,2,4,0.0,79.5,No,0.7,8,61.7,Medium
EMP-0741,23,Male,Marketing,SEO Analyst,4.4,7130.0,1,3,3,42.5,86.1,7.5,1,6,8.8,70.7,No,1.3,8,58.4,Low
EMP-0742,21,Female,Marketing,Growth Manager,1.2,5630.0,1,3,5,42.9,96.2,86.2,7,5,13.9,90.1,Yes,0.7,8,86.7,High
EMP-0743,25,Female,Finance,Financial Analyst,5.7,8960.0,2,5,3,42.4,91.0,106.1,7,7,9.5,75.6,Yes,4.9,9,82.5,High
EMP-0744,35,Female,Human Resources,HR Specialist,9.4,13850.0,3,3,2,48.2,91.8,34.6,3,11,39.4,79.3,Yes,5.9,14,69.3,Medium
EMP-0745,30,Male,Customer Support,Customer Success Manager,10.7,13650.0,3,4,2,38.8,84.7,120.0,9,11,0.0,98.8,Yes,3.0,12,93.6,High
EMP-0746,25,Female,Human Resources,HR Business Partner,4.6,9410.0,2,4,2,44.5,96.7,27.0,2,6,18.3,91.9,No,0.5,8,69.0,Medium
EMP-0747,26,Female,Sales,Account Executive,1.1,7870.0,2,3,3,38.8,97.7,35.0,2,5,0.0,56.5,No,0.5,15,60.6,Medium
EMP-0748,28,Male,Customer Support,Customer Success Manager,5.1,11280.0,3,4,3,35.7,98.4,54.8,2,7,0.0,65.7,No,3.5,6,66.4,Medium
EMP-0749,32,Female,Operations,Operations Manager,9.2,13150.0,3,1,3,46.4,90.3,27.7,0,12,25.6,80.6,No,0.3,16,69.0,Medium
EMP-0750,30,Male,Finance,Auditor,4.8,8530.0,2,1,2,44.0,91.7,54.0,4,6,20.4,67.3,Yes,0.5,4,62.5,Medium
EMP-0751,24,Male,Engineering,QA Engineer,3.2,5940.0,1,5,3,40.9,96.5,49.6,2,7,7.8,71.3,Yes,2.3,10,72.6,Medium
EMP-0752,32,Male,Customer Support,Customer Success Manager,6.8,12060.0,3,4,1,48.4,96.2,29.5,1,8,40.4,83.8,No,3.8,10,59.6,Low
EMP-0753,26,Female,Human Resources,Compensation Analyst,6.4,12550.0,3,2,4,46.5,92.5,37.9,2,9,31.9,75.4,No,4.9,7,64.8,Medium
EMP-0754,33,Female,Engineering,Software Engineer,10.2,13700.0,3,4,3,39.5,88.8,14.1,0,11,0.0,85.2,Yes,3.4,11,67.9,Medium
EMP-0755,27,Female,Marketing,Content Strategist,5.2,9150.0,2,3,3,40.3,94.1,21.8,1,5,5.7,82.8,No,0.4,13,61.2,Medium
EMP-0756,34,Female,Finance,Financial Analyst,10.3,13230.0,3,2,2,34.5,99.5,35.7,2,10,0.0,87.7,No,0.7,8,73.0,Medium
EMP-0757,30,Male,Marketing,Marketing Specialist,4.9,5930.0,1,5,2,46.6,90.7,39.1,2,6,31.1,69.4,No,2.8,6,63.5,Medium
EMP-0758,31,Female,Human Resources,Talent Acquisition Lead,8.0,12450.0,3,4,3,42.9,85.0,32.5,3,7,18.4,78.0,No,7.7,12,71.2,Medium
EMP-0759,31,Male,Sales,Account Executive,6.4,12230.0,3,3,4,47.5,98.5,29.4,1,6,36.0,65.8,Yes,6.2,10,61.0,Medium
EMP-0760,21,Female,Sales,Sales Executive,0.6,6300.0,1,3,4,42.5,99.8,34.9,2,4,12.5,76.7,No,0.3,10,70.6,Medium
EMP-0761,21,Female,Operations,Process Lead,2.5,6110.0,1,4,3,40.8,86.9,55.5,4,6,6.6,72.5,No,2.1,8,72.9,Medium
EMP-0762,33,Male,Operations,Supply Chain Analyst,9.5,13360.0,3,3,2,45.4,96.7,10.3,1,8,23.8,81.4,Yes,7.4,5,73.1,Medium
EMP-0763,27,Male,Marketing,Content Strategist,4.2,6410.0,1,3,2,42.6,84.4,12.7,0,8,12.2,99.0,No,1.2,8,70.9,Medium
EMP-0764,28,Female,Customer Support,Customer Success Manager,4.9,8890.0,2,4,4,40.2,96.2,29.5,3,4,1.2,74.2,No,1.8,5,67.9,Medium
EMP-0765,28,Female,Sales,Sales Executive,7.1,10570.0,2,3,2,31.7,92.7,39.7,2,8,0.0,75.4,Yes,4.0,8,64.4,Medium
EMP-0766,23,Male,Human Resources,Talent Acquisition Lead,1.0,5790.0,1,4,1,45.9,95.8,9.0,0,5,28.2,69.5,No,1.0,8,57.2,Low
EMP-0767,36,Male,Marketing,SEO Analyst,13.2,14590.0,3,5,3,36.0,98.6,34.2,1,15,0.0,99.0,No,5.4,12,88.6,High
EMP-0768,24,Female,Finance,Auditor,4.2,6780.0,1,5,4,35.0,98.1,52.8,3,4,0.0,80.2,No,3.8,11,84.8,High
EMP-0769,24,Male,Human Resources,Compensation Analyst,3.2,6790.0,1,5,4,34.3,97.3,45.5,4,6,0.0,99.0,No,1.4,9,84.1,High
EMP-0770,29,Female,Customer Support,Support Specialist,7.0,12270.0,3,3,3,33.2,96.2,60.7,5,9,0.0,61.7,Yes,0.3,8,66.3,Medium
EMP-0771,30,Other,Human Resources,Talent Acquisition Lead,5.3,10130.0,2,4,2,42.6,95.5,50.3,3,9,15.5,75.7,No,2.0,5,72.4,Medium
EMP-0772,21,Male,Sales,Sales Executive,0.9,6050.0,1,4,1,41.4,92.4,17.8,1,3,6.6,80.9,No,0.8,6,61.4,Medium
EMP-0773,30,Male,Marketing,SEO Analyst,5.6,9090.0,2,3,3,45.1,97.3,37.9,1,6,20.8,78.9,No,1.2,8,67.8,Medium
EMP-0774,31,Male,Engineering,Software Engineer,6.2,9900.0,2,3,5,41.4,89.5,46.7,2,5,5.8,69.1,Yes,5.7,7,62.8,Medium
EMP-0775,25,Female,Sales,Sales Executive,5.1,11750.0,3,5,3,43.4,91.1,69.6,3,7,20.1,73.9,No,4.8,10,75.4,Medium
EMP-0776,28,Male,Engineering,QA Engineer,4.3,8870.0,2,4,2,42.4,93.9,22.3,0,7,12.7,60.4,No,2.8,11,60.7,Medium
EMP-0777,21,Female,Marketing,Growth Manager,1.1,7670.0,2,4,2,39.1,97.4,49.2,3,4,0.0,67.6,No,1.0,4,62.3,Medium
EMP-0778,27,Female,Finance,Auditor,3.6,6690.0,1,3,2,42.6,96.8,32.5,3,7,11.8,74.8,No,3.5,12,61.5,Medium
EMP-0779,27,Male,Operations,Logistics Coordinator,3.1,5770.0,1,3,1,35.8,91.7,8.5,0,5,0.0,69.3,Yes,2.5,14,54.9,Low
EMP-0780,27,Female,Finance,Auditor,3.8,7490.0,1,4,2,40.7,97.9,10.5,0,5,2.8,80.9,Yes,0.8,7,70.8,Medium
EMP-0781,34,Male,Sales,Business Development Rep,10.4,12950.0,3,3,5,46.0,99.3,15.1,2,13,27.6,64.6,No,3.9,9,63.3,Medium
EMP-0782,27,Other,Human Resources,Compensation Analyst,2.8,7020.0,1,1,3,42.4,99.0,19.1,2,3,13.2,99.0,No,1.8,9,63.4,Medium
EMP-0783,21,Female,Sales,Business Development Rep,1.8,6580.0,2,3,4,47.5,97.0,29.6,3,4,30.3,69.3,No,0.3,7,57.7,Low
EMP-0784,30,Female,Customer Support,Customer Success Manager,5.6,9410.0,2,2,5,32.8,84.0,56.8,3,5,0.0,70.7,Yes,1.6,8,62.5,Medium
EMP-0785,26,Female,Engineering,Tech Lead,5.0,8580.0,2,2,2,42.9,96.2,26.4,0,5,14.5,63.5,Yes,3.1,16,63.1,Medium
EMP-0786,28,Male,Human Resources,Talent Acquisition Lead,6.0,11370.0,3,3,4,34.0,94.6,81.6,6,7,0.0,59.4,Yes,2.8,6,76.0,Medium
EMP-0787,35,Male,Customer Support,Technical Support Engineer,13.4,13880.0,3,1,5,45.0,95.8,45.7,3,14,28.7,60.6,No,6.4,13,61.7,Medium
EMP-0788,25,Male,Finance,Auditor,4.1,5810.0,1,1,3,31.5,88.0,9.6,0,7,0.0,76.6,No,2.3,13,52.1,Low
EMP-0789,28,Female,Human Resources,Compensation Analyst,7.2,12100.0,3,3,2,43.5,98.0,52.4,2,6,13.8,78.8,Yes,2.8,10,70.6,Medium
EMP-0790,24,Male,Sales,Sales Manager,5.3,9280.0,2,2,2,39.5,92.4,21.9,2,5,0.0,67.3,No,0.4,9,57.2,Low
EMP-0791,22,Female,Finance,Auditor,1.5,6280.0,1,2,4,51.9,92.5,22.4,1,6,52.4,61.2,No,1.0,9,44.0,Low
EMP-0792,27,Male,Finance,Auditor,7.9,9550.0,2,4,3,31.9,88.0,26.4,2,11,0.0,67.3,No,2.8,13,62.8,Medium
EMP-0793,26,Male,Human Resources,Talent Acquisition Lead,3.2,6490.0,1,5,3,45.0,96.8,41.8,1,6,25.1,95.2,No,2.1,10,80.8,High
EMP-0794,24,Male,Sales,Account Executive,4.3,7490.0,1,4,3,37.4,96.6,5.0,1,6,0.0,54.0,Yes,4.2,10,59.4,Low
EMP-0795,29,Male,Finance,Accountant,6.7,10010.0,2,4,2,37.7,94.3,27.6,0,9,0.0,83.1,No,2.3,6,73.0,Medium
EMP-0796,32,Female,Marketing,Marketing Specialist,8.0,11560.0,3,3,1,43.2,94.3,33.0,1,11,12.2,78.4,No,0.6,14,65.5,Medium
EMP-0797,28,Female,Customer Support,Technical Support Engineer,4.7,6310.0,1,3,3,37.4,95.0,28.1,2,5,0.0,84.6,No,3.5,14,62.4,Medium
EMP-0798,27,Non-Binary,Marketing,Growth Manager,3.9,8920.0,2,3,4,46.7,92.9,43.6,2,6,29.1,64.8,Yes,1.6,6,63.4,Medium
EMP-0799,28,Male,Sales,Sales Executive,4.2,5940.0,1,5,3,43.5,92.8,24.7,2,5,13.6,67.2,Yes,2.6,8,63.0,Medium
EMP-0800,23,Male,Human Resources,Talent Acquisition Lead,1.4,4960.0,1,4,2,46.3,95.4,81.7,5,6,31.6,74.7,No,0.4,7,69.3,Medium
EMP-0801,21,Female,Sales,Sales Manager,1.1,4880.0,1,2,4,29.4,94.4,32.7,2,4,0.0,61.8,No,0.8,7,50.9,Low
EMP-0802,40,Female,Marketing,SEO Analyst,13.8,14800.0,3,4,4,33.8,95.4,15.6,1,15,0.0,66.9,No,4.7,9,69.6,Medium
EMP-0803,30,Male,Engineering,DevOps Engineer,10.8,16420.0,4,4,4,46.1,94.6,12.8,1,12,30.4,73.8,No,7.2,7,73.8,Medium
EMP-0804,32,Male,Human Resources,Talent Acquisition Lead,6.9,10500.0,2,4,2,39.2,84.3,45.8,2,8,3.5,57.2,Yes,3.4,12,62.9,Medium
EMP-0805,37,Female,Sales,Account Executive,17.2,19610.0,5,2,4,40.2,84.8,85.6,7,17,7.2,73.9,No,5.5,10,74.3,Medium
EMP-0806,30,Male,Human Resources,HR Business Partner,10.2,15750.0,4,1,4,34.0,95.2,30.0,2,13,0.0,67.0,Yes,1.9,11,59.0,Low
EMP-0807,25,Male,Human Resources,HR Business Partner,3.0,8280.0,2,4,3,43.2,97.5,45.1,2,3,14.4,91.1,No,2.1,11,72.7,Medium
EMP-0808,26,Male,Sales,Account Executive,4.2,6370.0,1,3,5,37.8,75.6,45.0,2,5,0.0,61.2,Yes,1.9,8,54.8,Low
EMP-0809,29,Male,Engineering,Software Engineer,6.8,12140.0,3,3,5,41.1,95.7,67.3,5,9,7.0,96.1,Yes,1.3,5,86.1,High
EMP-0810,24,Female,Finance,Auditor,0.5,7200.0,2,4,1,36.1,92.5,13.1,0,3,0.0,76.8,No,0.3,9,65.4,Medium
EMP-0811,43,Female,Engineering,Senior Software Engineer,19.4,19090.0,4,3,3,28.0,94.5,78.3,6,19,0.0,86.8,No,3.3,7,80.4,High
EMP-0812,26,Female,Finance,Finance Manager,2.9,6090.0,1,5,2,48.6,90.4,18.5,0,7,36.8,81.2,No,1.3,9,65.7,Medium
EMP-0813,30,Female,Human Resources,HR Business Partner,10.9,12920.0,3,1,5,35.1,95.4,55.9,4,12,0.0,71.2,Yes,6.0,10,64.3,Medium
EMP-0814,33,Non-Binary,Sales,Account Executive,8.2,12050.0,3,5,3,28.0,94.1,80.5,4,7,0.0,57.0,Yes,4.8,12,69.9,Medium
EMP-0815,23,Male,Operations,Operations Manager,2.1,5480.0,1,4,5,39.1,96.3,27.6,0,2,0.0,65.3,No,1.6,13,64.5,Medium
EMP-0816,23,Male,Sales,Sales Executive,4.0,9300.0,2,3,3,42.9,99.0,11.9,1,7,12.8,93.7,No,2.4,12,79.4,Medium
EMP-0817,26,Male,Customer Support,Technical Support Engineer,4.1,7410.0,1,3,5,44.3,94.7,36.0,2,8,19.5,64.1,No,3.5,11,65.1,Medium
EMP-0818,21,Female,Engineering,Tech Lead,0.7,5340.0,1,2,3,44.0,94.6,24.3,2,2,20.9,78.8,No,0.4,11,64.8,Medium
EMP-0819,30,Male,Marketing,SEO Analyst,10.4,14170.0,3,3,5,37.3,96.7,13.3,1,10,0.0,88.9,No,7.9,7,74.6,Medium
EMP-0820,27,Male,Customer Support,Customer Success Manager,3.1,6010.0,1,4,2,39.7,96.2,7.4,1,5,0.6,91.7,No,2.6,9,73.9,Medium
EMP-0821,34,Male,Engineering,QA Engineer,8.3,11230.0,2,1,2,43.3,95.5,81.5,4,7,14.1,68.4,No,5.9,10,65.7,Medium
EMP-0822,36,Non-Binary,Human Resources,Talent Acquisition Lead,10.0,14960.0,4,2,3,40.2,92.3,35.7,2,11,8.6,85.8,No,3.5,7,69.8,Medium
EMP-0823,26,Male,Human Resources,Talent Acquisition Lead,3.8,6100.0,1,3,3,35.7,91.8,25.5,2,5,0.0,85.8,No,3.7,9,63.9,Medium
EMP-0824,36,Female,Sales,Sales Manager,15.2,17550.0,4,1,4,41.6,95.6,13.8,0,15,12.5,70.9,No,3.9,10,64.9,Medium
EMP-0825,33,Female,Customer Support,Customer Success Manager,7.5,10260.0,2,4,2,49.7,89.8,5.0,1,11,45.3,84.5,No,0.5,14,66.2,Medium
EMP-0826,31,Female,Customer Support,Customer Success Manager,10.5,12390.0,3,3,4,46.2,86.5,38.0,2,13,28.7,81.5,No,2.3,7,73.1,Medium
EMP-0827,32,Female,Operations,Logistics Coordinator,12.7,15790.0,4,4,4,47.2,96.5,22.1,1,14,32.0,69.1,No,1.0,2,72.3,Medium
EMP-0828,40,Male,Human Resources,HR Business Partner,15.1,18790.0,5,4,3,39.5,99.5,53.4,3,16,0.0,92.1,Yes,5.7,8,91.0,High
EMP-0829,31,Female,Sales,Sales Executive,7.1,10380.0,2,1,3,42.5,97.8,32.8,1,8,14.9,80.6,No,2.4,6,65.7,Medium
EMP-0830,33,Female,Finance,Auditor,11.9,13650.0,3,4,2,46.8,83.1,15.7,1,11,33.7,80.8,Yes,7.7,6,68.4,Medium
EMP-0831,32,Male,Human Resources,HR Business Partner,8.7,10130.0,2,3,3,37.2,86.4,81.6,5,9,0.0,73.2,Yes,6.7,7,70.6,Medium
EMP-0832,27,Female,Customer Support,Support Specialist,4.6,7070.0,1,5,4,44.4,84.9,23.1,0,4,20.6,78.2,No,2.7,18,66.3,Medium
EMP-0833,44,Female,Sales,Account Executive,22.4,21400.0,5,4,3,38.9,88.2,15.9,1,20,0.0,75.6,Yes,1.4,5,72.5,Medium
EMP-0834,28,Male,Marketing,SEO Analyst,4.7,8890.0,2,4,3,36.2,92.1,72.7,5,8,0.0,70.2,No,2.4,5,72.1,Medium
EMP-0835,28,Male,Engineering,Tech Lead,5.7,9000.0,2,1,3,43.1,87.9,13.6,0,6,15.6,70.1,No,4.1,9,56.8,Low
EMP-0836,25,Female,Finance,Auditor,1.0,7190.0,2,4,4,40.8,97.6,35.8,3,2,4.0,78.9,No,0.6,7,71.9,Medium
EMP-0837,28,Female,Engineering,Senior Software Engineer,3.7,8810.0,2,3,3,36.7,95.5,25.6,2,5,0.0,68.3,Yes,2.6,17,60.8,Medium
EMP-0838,23,Male,Marketing,Content Strategist,1.0,5690.0,1,5,3,37.5,94.8,69.9,5,4,0.0,71.9,No,1.0,12,71.0,Medium
EMP-0839,29,Male,Finance,Financial Analyst,9.2,9830.0,2,3,3,43.2,90.1,35.5,1,10,10.2,68.4,No,1.2,15,61.2,Medium
EMP-0840,26,Male,Engineering,DevOps Engineer,4.9,7000.0,1,2,2,38.1,78.4,61.0,3,7,0.0,85.5,No,0.8,9,62.8,Medium
EMP-0841,34,Male,Engineering,DevOps Engineer,8.9,10750.0,2,5,2,31.8,90.3,64.0,5,10,0.0,81.0,Yes,1.3,13,83.4,High
EMP-0842,28,Male,Engineering,Tech Lead,4.7,9810.0,2,2,4,46.1,81.7,30.4,3,6,29.0,79.4,No,0.9,9,54.5,Low
EMP-0843,27,Female,Finance,Auditor,3.6,8970.0,2,3,3,42.2,75.5,21.6,0,4,15.5,69.8,No,0.7,9,52.1,Low
EMP-0844,27,Female,Customer Support,Technical Support Engineer,2.3,6930.0,1,2,3,50.6,87.5,59.4,3,6,50.3,72.6,No,0.5,10,55.2,Low
EMP-0845,36,Male,Finance,Accountant,15.8,18280.0,4,1,3,40.0,96.8,68.0,5,17,1.7,86.6,No,7.6,8,78.8,Medium
EMP-0846,28,Female,Engineering,Software Engineer,6.1,11430.0,3,5,3,44.4,88.6,11.5,0,7,23.3,72.9,No,0.3,9,67.5,Medium
EMP-0847,28,Female,Customer Support,Customer Success Manager,6.0,9600.0,2,3,1,46.1,91.5,18.9,2,8,23.7,54.8,No,1.0,7,54.9,Low
EMP-0848,26,Female,Sales,Account Executive,3.8,7150.0,1,1,4,29.1,94.0,31.0,2,5,0.0,68.6,No,3.8,9,59.8,Low
EMP-0849,30,Male,Engineering,DevOps Engineer,9.7,13260.0,3,1,2,32.5,94.0,28.7,1,9,0.0,81.5,No,2.7,10,58.4,Low
EMP-0850,41,Non-Binary,Engineering,Senior Software Engineer,16.4,17390.0,4,5,3,42.9,88.1,42.7,2,16,16.0,99.0,No,2.5,5,88.8,High
EMP-0851,23,Male,Marketing,Content Strategist,3.4,5980.0,1,4,5,42.3,81.1,57.2,4,6,16.1,72.3,Yes,1.8,5,67.7,Medium
EMP-0852,26,Male,Human Resources,Talent Acquisition Lead,3.3,5470.0,1,2,4,36.4,94.2,103.4,6,7,0.0,62.0,Yes,2.0,9,66.4,Medium
EMP-0853,27,Female,Operations,Process Lead,5.1,9860.0,2,4,3,50.4,91.6,5.0,0,9,44.5,73.8,Yes,4.4,10,57.6,Low
EMP-0854,36,Male,Marketing,SEO Analyst,11.0,15890.0,4,5,4,53.5,90.1,5.0,0,10,55.0,75.6,Yes,1.4,7,68.8,Medium
EMP-0855,29,Female,Engineering,Tech Lead,4.5,7370.0,1,3,2,39.8,95.8,24.4,0,8,1.2,52.0,Yes,4.4,10,52.6,Low
EMP-0856,33,Male,Finance,Auditor,10.6,13570.0,3,2,3,46.2,86.7,31.2,1,9,23.8,73.7,Yes,3.2,13,55.0,Low
EMP-0857,22,Female,Operations,Logistics Coordinator,2.0,6150.0,1,4,4,34.7,91.9,34.1,1,2,0.0,73.7,No,1.1,8,64.7,Medium
EMP-0858,25,Female,Marketing,Content Strategist,1.8,5770.0,1,5,3,44.9,96.5,63.5,4,6,24.9,68.3,No,1.1,10,71.9,Medium
EMP-0859,30,Male,Human Resources,HR Business Partner,9.3,10510.0,2,2,3,40.2,89.4,18.5,2,12,5.4,69.8,Yes,7.3,11,55.0,Low
EMP-0860,29,Female,Operations,Process Lead,4.4,8940.0,2,5,3,42.5,90.8,8.8,1,5,12.0,76.7,No,3.5,4,68.2,Medium
EMP-0861,25,Male,Operations,Process Lead,3.1,6600.0,1,1,1,38.8,90.7,23.4,0,6,4.6,71.8,No,3.1,8,49.4,Low
EMP-0862,24,Female,Human Resources,HR Business Partner,3.9,8860.0,2,3,4,42.4,95.3,87.6,6,5,14.9,85.5,No,2.9,10,75.2,Medium
EMP-0863,27,Male,Finance,Financial Analyst,2.9,6140.0,1,2,4,38.9,99.4,51.0,4,3,0.0,97.8,No,0.5,15,73.4,Medium
EMP-0864,27,Female,Marketing,SEO Analyst,4.9,9200.0,2,4,1,37.3,98.5,52.4,3,8,0.0,71.9,No,2.1,9,62.7,Medium
EMP-0865,28,Female,Sales,Sales Manager,6.1,13190.0,3,5,4,39.3,82.0,26.9,1,6,0.0,72.5,No,2.6,9,67.0,Medium
EMP-0866,31,Male,Sales,Account Executive,7.2,11920.0,3,2,5,42.9,96.3,45.4,4,7,13.0,98.3,No,1.2,10,80.0,High
EMP-0867,28,Female,Finance,Financial Analyst,5.3,9940.0,2,4,2,43.5,97.6,72.1,4,6,21.7,72.7,No,5.1,10,64.5,Medium
EMP-0868,21,Male,Sales,Sales Executive,2.5,8110.0,2,4,3,39.4,88.7,11.5,0,4,0.3,85.1,No,0.2,13,68.3,Medium
EMP-0869,26,Male,Human Resources,Compensation Analyst,6.3,9720.0,2,4,4,34.3,80.4,25.2,0,10,0.0,83.0,Yes,1.6,10,65.2,Medium
EMP-0870,31,Female,Human Resources,HR Specialist,5.7,9170.0,2,1,3,36.5,97.9,38.8,1,8,0.0,74.6,Yes,4.2,6,61.8,Medium
EMP-0871,25,Female,Marketing,Marketing Specialist,3.7,7120.0,1,3,2,38.2,95.6,41.7,2,4,0.0,78.6,Yes,2.4,9,64.2,Medium
EMP-0872,33,Male,Finance,Auditor,7.7,10630.0,2,3,3,48.1,98.7,32.1,1,8,37.4,62.6,Yes,2.5,11,63.1,Medium
EMP-0873,28,Female,Marketing,Content Strategist,4.5,6850.0,1,1,4,39.6,97.8,27.2,1,8,0.0,91.3,No,0.8,6,66.4,Medium
EMP-0874,27,Male,Marketing,Growth Manager,2.9,5860.0,1,3,4,41.9,97.8,52.6,2,6,9.2,74.7,No,1.8,10,70.3,Medium
EMP-0875,22,Male,Customer Support,Technical Support Engineer,2.7,8600.0,2,3,5,55.7,78.7,24.2,2,6,55.0,72.0,No,2.6,11,55.6,Low
EMP-0876,31,Male,Marketing,Marketing Specialist,9.7,12840.0,3,4,2,47.4,98.4,30.8,3,10,37.4,61.9,No,3.8,10,70.7,Medium
EMP-0877,30,Female,Sales,Sales Executive,7.7,10640.0,2,2,3,42.5,87.6,62.4,4,9,9.3,65.4,No,6.9,10,67.9,Medium
EMP-0878,31,Female,Marketing,Marketing Specialist,7.5,12290.0,3,4,3,46.3,85.4,34.2,1,10,29.4,87.5,No,4.7,10,72.8,Medium
EMP-0879,26,Female,Sales,Sales Executive,7.2,9520.0,2,2,4,42.3,99.8,51.6,2,6,22.7,77.1,No,4.9,9,60.6,Medium
EMP-0880,30,Male,Customer Support,Customer Success Manager,8.4,10380.0,2,3,4,40.8,88.4,44.3,2,8,6.7,63.4,Yes,0.3,9,66.3,Medium
EMP-0881,26,Female,Customer Support,Customer Success Manager,5.5,9970.0,2,3,2,34.7,77.6,24.6,1,6,0.0,59.2,No,1.5,10,48.3,Low
EMP-0882,25,Male,Marketing,SEO Analyst,3.5,6460.0,1,2,2,43.4,95.9,39.6,3,6,19.6,85.5,No,2.0,13,56.2,Low
EMP-0883,26,Male,Operations,Operations Manager,2.4,5850.0,1,3,5,34.5,93.9,49.5,2,3,0.0,64.0,No,2.2,6,66.2,Medium
EMP-0884,35,Male,Finance,Auditor,13.1,14360.0,3,1,2,42.0,87.7,51.8,2,12,14.5,73.4,Yes,4.4,8,62.8,Medium
EMP-0885,28,Female,Engineering,Software Engineer,3.4,8730.0,2,4,2,46.2,97.3,83.0,6,6,30.1,71.3,Yes,0.8,11,74.9,Medium
EMP-0886,21,Male,Human Resources,HR Business Partner,1.4,5280.0,1,2,2,42.3,84.4,23.0,2,5,12.9,63.0,No,1.1,7,51.3,Low
EMP-0887,39,Female,Operations,Process Lead,14.5,15180.0,3,4,3,36.4,87.5,50.7,3,16,0.0,87.6,No,6.9,6,78.3,Medium
EMP-0888,35,Female,Human Resources,HR Business Partner,11.5,14290.0,3,4,3,49.9,87.7,26.5,1,14,48.1,73.4,Yes,1.0,9,62.8,Medium
EMP-0889,27,Male,Operations,Logistics Coordinator,3.4,8340.0,2,3,3,36.3,88.5,28.4,3,4,0.0,64.1,Yes,2.4,11,61.3,Medium
EMP-0890,34,Male,Sales,Sales Manager,8.2,10860.0,2,2,3,44.5,98.6,37.5,1,9,17.0,59.8,Yes,3.8,7,62.2,Medium
EMP-0891,34,Female,Human Resources,HR Business Partner,8.4,12800.0,3,4,3,31.9,97.7,32.8,3,11,0.0,72.8,Yes,6.6,10,75.8,Medium
EMP-0892,32,Male,Sales,Business Development Rep,9.7,11350.0,2,4,4,37.8,99.2,17.9,0,9,0.0,83.6,Yes,0.4,9,77.5,Medium
EMP-0893,31,Female,Marketing,Marketing Specialist,9.7,10750.0,2,4,5,47.7,99.2,8.4,0,9,40.9,81.2,Yes,5.7,9,69.1,Medium
EMP-0894,26,Male,Engineering,QA Engineer,3.5,6730.0,1,4,2,47.2,97.9,32.5,3,7,30.7,67.1,No,2.9,7,64.7,Medium
EMP-0895,23,Male,Engineering,QA Engineer,3.4,6250.0,1,1,3,41.0,89.7,11.1,1,5,5.6,72.6,No,1.9,6,53.5,Low
EMP-0896,30,Female,Engineering,Software Engineer,5.8,9440.0,2,4,2,34.6,96.0,43.1,3,6,0.0,63.7,Yes,5.1,4,68.6,Medium
EMP-0897,30,Male,Finance,Finance Manager,7.7,10900.0,2,3,1,36.4,86.1,11.2,0,9,0.0,81.9,No,1.6,11,56.7,Low
EMP-0898,36,Male,Finance,Auditor,14.9,14210.0,3,3,3,36.6,92.6,34.4,1,13,0.0,76.6,No,0.4,12,72.1,Medium
EMP-0899,24,Male,Finance,Auditor,0.9,6870.0,2,3,2,46.5,82.6,57.1,4,4,28.2,92.3,No,0.6,9,66.5,Medium
EMP-0900,22,Male,Engineering,Tech Lead,3.6,6610.0,1,5,1,44.5,96.4,59.8,4,5,21.9,88.4,No,2.9,9,72.8,Medium
EMP-0901,27,Male,Sales,Business Development Rep,4.4,6940.0,1,3,2,49.5,89.9,10.1,1,5,45.6,65.3,No,1.5,10,47.5,Low
EMP-0902,24,Male,Sales,Sales Manager,1.4,6010.0,1,4,4,38.7,80.3,17.0,1,5,0.0,86.8,No,0.2,4,70.7,Medium
EMP-0903,25,Female,Sales,Account Executive,5.3,9380.0,2,4,1,34.2,92.7,48.4,4,7,0.0,87.1,Yes,3.9,8,73.5,Medium
EMP-0904,34,Male,Human Resources,HR Specialist,11.3,15230.0,4,3,4,32.3,87.3,41.4,1,12,0.0,81.4,Yes,0.5,14,72.2,Medium
EMP-0905,35,Female,Human Resources,HR Specialist,10.8,13530.0,3,2,3,39.8,88.0,43.8,3,12,5.1,58.3,No,1.0,11,54.3,Low
EMP-0906,25,Other,Marketing,Content Strategist,2.7,6250.0,1,4,5,50.9,85.9,8.2,0,3,50.9,82.1,No,0.9,15,61.4,Medium
EMP-0907,25,Male,Finance,Financial Analyst,2.6,6500.0,1,3,4,42.6,90.2,16.9,1,5,11.9,90.7,No,2.2,7,65.2,Medium
EMP-0908,27,Female,Customer Support,Support Specialist,4.8,6770.0,1,4,5,37.1,93.7,78.3,5,6,0.0,62.6,No,2.7,6,76.6,Medium
EMP-0909,21,Female,Marketing,Marketing Specialist,1.8,8150.0,2,4,4,44.9,86.0,26.3,0,2,24.2,77.1,No,0.7,13,62.9,Medium
EMP-0910,27,Male,Human Resources,HR Business Partner,7.6,13110.0,3,4,1,41.8,94.6,30.5,1,10,7.7,63.6,No,2.1,8,67.0,Medium
EMP-0911,29,Male,Marketing,Marketing Specialist,3.7,8320.0,2,1,5,37.2,90.7,50.9,4,6,0.0,73.6,No,3.6,10,53.4,Low
EMP-0912,30,Male,Operations,Logistics Coordinator,7.4,10360.0,2,4,3,41.9,92.5,32.6,1,8,10.3,92.7,Yes,7.0,6,75.2,Medium
EMP-0913,25,Male,Customer Support,Support Specialist,3.0,8190.0,2,3,2,46.1,90.3,56.3,5,3,25.3,66.9,No,0.9,10,54.3,Low
EMP-0914,22,Male,Sales,Account Executive,3.1,7800.0,2,2,4,45.5,99.7,27.5,1,6,24.6,73.5,No,2.0,7,64.9,Medium
EMP-0915,28,Female,Marketing,Content Strategist,5.6,11790.0,3,4,4,41.0,90.7,31.7,1,5,2.5,87.6,Yes,4.1,7,66.8,Medium
EMP-0916,27,Male,Sales,Sales Manager,6.2,9180.0,2,2,2,44.2,91.1,36.1,3,7,16.6,62.5,No,0.6,6,53.9,Low
EMP-0917,28,Male,Finance,Financial Analyst,4.0,7000.0,1,5,2,40.5,91.4,38.6,2,4,7.5,65.9,No,1.5,9,64.2,Medium
EMP-0918,25,Male,Marketing,Growth Manager,2.0,8630.0,2,2,2,47.3,98.8,47.0,4,2,31.9,59.4,No,1.5,7,58.0,Low
EMP-0919,27,Male,Finance,Financial Analyst,4.8,7750.0,1,5,5,44.4,91.3,13.0,1,6,21.1,80.7,Yes,3.4,8,78.7,Medium
EMP-0920,27,Male,Engineering,Software Engineer,2.2,6400.0,1,4,3,43.7,94.2,31.3,2,6,14.2,68.4,No,0.9,11,68.1,Medium
EMP-0921,33,Male,Customer Support,Technical Support Engineer,7.9,10470.0,2,3,3,38.5,98.5,36.8,2,8,0.0,72.0,Yes,2.6,8,67.2,Medium
EMP-0922,36,Female,Finance,Accountant,14.9,17210.0,4,1,4,35.0,94.3,24.5,2,13,0.0,46.8,No,5.5,6,48.3,Low
EMP-0923,23,Female,Customer Support,Technical Support Engineer,2.1,5710.0,1,2,1,43.8,91.7,27.2,2,6,17.5,65.0,No,0.8,7,46.1,Low
EMP-0924,32,Female,Sales,Sales Executive,7.7,10380.0,2,3,4,38.1,76.6,9.0,1,11,0.0,66.0,No,3.0,8,54.8,Low
EMP-0925,21,Male,Customer Support,Technical Support Engineer,2.4,6320.0,1,3,2,48.2,93.7,66.8,3,3,39.0,65.6,No,1.3,7,65.5,Medium
EMP-0926,34,Female,Engineering,Software Engineer,14.3,16110.0,4,1,3,45.9,92.6,64.6,3,16,25.4,75.7,No,0.7,5,79.3,Medium
EMP-0927,31,Non-Binary,Sales,Business Development Rep,7.3,10150.0,2,3,1,36.5,89.3,86.0,5,9,0.0,71.5,Yes,3.2,9,69.6,Medium
EMP-0928,23,Female,Engineering,QA Engineer,3.1,5710.0,1,3,4,37.4,85.3,14.3,0,5,0.0,70.1,No,1.0,4,54.3,Low
EMP-0929,24,Female,Operations,Process Lead,3.8,8820.0,2,1,3,38.3,90.7,40.4,1,7,0.0,83.3,Yes,1.3,11,63.4,Medium
EMP-0930,22,Female,Engineering,QA Engineer,3.0,6800.0,1,3,4,44.9,97.9,27.9,2,7,19.1,69.7,No,0.8,14,61.3,Medium
EMP-0931,24,Male,Human Resources,Talent Acquisition Lead,1.8,7560.0,2,5,4,44.6,89.2,48.6,3,3,22.0,97.2,No,0.8,6,84.6,High
EMP-0932,26,Male,Engineering,QA Engineer,4.4,7030.0,1,4,4,44.5,91.6,62.9,5,4,20.0,73.0,Yes,4.3,13,80.1,High
EMP-0933,24,Female,Operations,Process Lead,2.8,9050.0,2,3,5,32.6,98.4,37.6,2,5,0.0,65.2,No,1.2,11,68.1,Medium
EMP-0934,29,Female,Marketing,SEO Analyst,5.0,9790.0,2,4,3,39.7,96.1,17.5,2,9,0.0,63.1,No,3.8,6,60.4,Medium
EMP-0935,22,Female,Engineering,DevOps Engineer,3.3,7270.0,1,4,3,39.8,97.7,40.0,3,7,0.0,80.1,No,0.8,11,72.9,Medium
EMP-0936,28,Female,Sales,Account Executive,5.2,9560.0,2,3,4,40.9,94.9,28.3,2,6,2.3,87.0,Yes,0.4,10,69.1,Medium
EMP-0937,36,Non-Binary,Engineering,Software Engineer,13.9,16570.0,4,4,3,46.1,92.9,32.5,3,14,29.5,71.9,No,0.8,12,74.9,Medium
EMP-0938,28,Male,Marketing,SEO Analyst,7.4,10000.0,2,5,2,49.8,81.8,54.7,4,10,52.3,89.5,Yes,6.5,6,73.2,Medium
EMP-0939,40,Female,Operations,Supply Chain Analyst,13.7,16510.0,4,2,3,38.0,97.8,24.2,1,13,0.0,88.0,No,3.8,6,72.2,Medium
EMP-0940,30,Male,Sales,Business Development Rep,4.9,7090.0,1,4,1,41.0,90.7,15.2,2,8,7.7,56.5,Yes,1.5,11,57.7,Low
EMP-0941,24,Female,Finance,Auditor,2.1,6480.0,1,2,4,44.8,76.3,50.2,2,5,22.5,63.4,No,1.6,9,56.1,Low
EMP-0942,30,Female,Marketing,Marketing Specialist,6.7,9580.0,2,2,3,39.2,94.3,39.5,2,6,0.0,72.3,No,1.7,9,63.8,Medium
EMP-0943,24,Female,Customer Support,Support Specialist,2.9,5930.0,1,5,2,48.7,92.2,62.0,4,7,36.3,66.1,No,2.8,8,70.6,Medium
EMP-0944,27,Female,Finance,Financial Analyst,4.4,6980.0,1,4,4,37.7,89.0,15.5,1,5,0.0,74.1,No,4.2,12,66.1,Medium
EMP-0945,24,Female,Sales,Account Executive,4.6,7030.0,1,5,2,35.5,95.9,85.9,6,6,0.0,66.8,No,3.2,5,73.7,Medium
EMP-0946,29,Male,Finance,Financial Analyst,8.4,9970.0,2,3,2,42.5,94.5,34.0,1,10,13.4,64.1,No,3.3,10,63.4,Medium
EMP-0947,31,Male,Human Resources,Compensation Analyst,6.4,9140.0,2,2,4,42.4,96.0,13.3,0,9,15.8,65.0,No,2.0,14,61.5,Medium
EMP-0948,28,Male,Customer Support,Support Specialist,4.0,8300.0,2,4,1,40.3,96.3,29.4,1,6,1.7,53.1,No,2.7,7,63.9,Medium
EMP-0949,29,Female,Operations,Process Lead,6.9,9720.0,2,2,4,42.1,97.8,30.6,1,6,8.7,95.8,No,2.3,9,73.5,Medium
EMP-0950,26,Female,Marketing,Content Strategist,2.9,7760.0,2,2,4,37.9,90.0,65.1,4,5,0.0,58.2,No,0.9,8,66.1,Medium
EMP-0951,29,Female,Human Resources,Talent Acquisition Lead,4.5,6230.0,1,4,2,44.4,95.6,15.0,2,6,20.6,85.7,No,2.6,12,63.6,Medium
EMP-0952,35,Male,Customer Support,Support Specialist,12.6,15120.0,3,4,3,35.7,85.3,55.6,4,11,0.0,90.5,No,4.5,9,82.4,High
EMP-0953,22,Male,Sales,Business Development Rep,1.9,8050.0,2,3,4,43.2,95.3,36.2,1,3,16.9,89.5,No,1.4,7,65.3,Medium
EMP-0954,23,Other,Engineering,QA Engineer,3.8,7210.0,1,3,4,57.5,92.4,37.1,3,6,55.0,76.6,No,0.3,3,60.2,Medium
EMP-0955,42,Male,Human Resources,Compensation Analyst,17.0,17680.0,4,1,3,41.6,89.5,56.5,3,17,12.0,70.4,No,5.7,9,59.9,Low
EMP-0956,29,Male,Finance,Finance Manager,4.9,7770.0,1,5,3,42.5,89.9,61.0,3,6,10.6,84.1,No,2.8,9,73.3,Medium
EMP-0957,24,Male,Engineering,QA Engineer,1.4,7700.0,2,3,3,40.9,82.3,54.1,2,2,6.5,97.3,No,0.8,9,70.6,Medium
EMP-0958,33,Female,Customer Support,Customer Success Manager,7.5,9390.0,2,3,3,34.3,96.8,62.2,3,11,0.0,65.8,No,4.0,7,72.3,Medium
EMP-0959,22,Female,Customer Support,Technical Support Engineer,2.3,5740.0,1,3,3,47.6,93.1,65.2,3,4,40.1,82.2,No,2.0,9,69.0,Medium
EMP-0960,24,Male,Sales,Account Executive,4.6,8580.0,2,4,5,37.0,98.2,44.7,4,4,0.0,64.7,Yes,2.6,10,73.0,Medium
EMP-0961,27,Female,Sales,Sales Manager,5.9,9120.0,2,2,4,43.8,91.2,32.3,1,8,19.4,74.7,No,1.0,11,63.3,Medium
EMP-0962,30,Female,Operations,Supply Chain Analyst,8.0,11730.0,3,3,4,49.0,99.5,90.5,5,8,38.0,74.0,No,6.5,7,76.3,Medium
EMP-0963,29,Male,Marketing,Marketing Specialist,4.7,8110.0,2,3,2,28.0,93.6,49.8,2,5,0.0,83.4,No,2.1,9,65.3,Medium
EMP-0964,28,Female,Engineering,DevOps Engineer,5.0,9650.0,2,2,2,47.6,96.9,67.1,4,8,33.5,58.7,No,4.0,15,56.0,Low
EMP-0965,26,Female,Sales,Sales Manager,5.8,9130.0,2,3,3,39.5,93.3,20.0,2,6,0.0,92.1,Yes,4.8,10,70.5,Medium
EMP-0966,25,Female,Engineering,QA Engineer,3.8,5210.0,1,5,1,30.2,88.7,10.1,1,7,0.0,73.7,Yes,2.8,8,65.4,Medium
EMP-0967,26,Female,Human Resources,Talent Acquisition Lead,4.5,8880.0,2,3,3,44.6,91.5,29.6,3,5,23.9,67.1,No,2.9,8,61.5,Medium
EMP-0968,29,Male,Marketing,Content Strategist,7.5,10440.0,2,3,3,35.6,95.5,11.2,0,11,0.0,72.4,Yes,4.5,10,64.2,Medium
EMP-0969,28,Female,Operations,Operations Manager,3.8,6060.0,1,5,3,44.8,95.2,12.5,0,7,23.9,93.5,No,1.8,4,76.6,Medium
EMP-0970,24,Male,Finance,Auditor,2.0,7960.0,2,3,4,38.3,98.1,37.9,3,5,0.0,63.7,No,0.6,5,65.1,Medium
EMP-0971,34,Other,Sales,Sales Manager,9.8,10150.0,2,3,3,47.3,86.0,41.4,3,9,26.0,80.6,No,2.8,7,65.1,Medium
EMP-0972,28,Male,Human Resources,HR Business Partner,4.5,6940.0,1,3,4,39.2,97.8,27.2,2,7,0.0,67.6,Yes,2.2,7,63.7,Medium
EMP-0973,36,Male,Human Resources,Talent Acquisition Lead,11.5,12280.0,3,4,3,45.6,95.5,26.1,2,10,24.4,74.8,Yes,1.5,8,78.4,Medium
EMP-0974,26,Male,Sales,Sales Executive,4.8,8830.0,2,5,2,42.2,97.2,24.3,0,5,12.0,73.6,No,2.1,11,71.8,Medium
EMP-0975,32,Male,Engineering,Tech Lead,7.3,9380.0,2,3,3,43.0,85.4,30.6,3,6,13.4,73.5,Yes,4.9,12,60.8,Medium
EMP-0976,26,Female,Human Resources,HR Specialist,3.4,6530.0,1,3,1,40.6,98.0,9.8,0,3,4.4,88.6,Yes,1.2,5,63.2,Medium
EMP-0977,28,Female,Operations,Operations Manager,5.5,9090.0,2,3,3,35.7,95.4,21.2,1,5,0.0,78.2,No,1.2,9,58.7,Low
EMP-0978,29,Male,Sales,Sales Manager,4.7,9030.0,2,1,3,44.0,86.6,32.6,2,5,21.9,85.3,No,3.5,9,64.2,Medium
EMP-0979,40,Female,Operations,Process Lead,17.1,20080.0,5,3,3,38.7,96.8,51.0,4,17,0.0,74.7,Yes,6.7,11,77.2,Medium
EMP-0980,28,Male,Human Resources,Compensation Analyst,8.1,12390.0,3,4,2,47.4,93.7,71.2,6,9,27.0,83.1,No,5.1,12,73.0,Medium
EMP-0981,22,Male,Finance,Finance Manager,1.8,5400.0,1,5,3,50.1,79.1,34.5,3,6,46.0,81.0,No,1.1,9,63.1,Medium
EMP-0982,28,Female,Marketing,Growth Manager,4.0,9140.0,2,3,3,45.8,97.2,17.3,2,6,25.7,90.5,No,3.0,12,69.8,Medium
EMP-0983,23,Female,Human Resources,HR Specialist,2.2,5320.0,1,1,3,36.7,97.0,47.5,4,4,0.0,56.5,No,1.9,6,45.8,Low
EMP-0984,23,Male,Operations,Process Lead,1.9,5480.0,1,4,3,43.3,93.3,59.2,3,4,13.4,82.7,Yes,1.0,12,76.2,Medium
EMP-0985,30,Male,Customer Support,Support Specialist,10.2,12900.0,3,3,3,43.1,81.8,22.9,1,13,19.5,59.5,No,5.0,9,61.8,Medium
EMP-0986,23,Female,Sales,Sales Manager,3.5,6420.0,1,5,2,42.5,95.6,37.3,2,4,7.2,80.0,No,1.9,8,65.8,Medium
EMP-0987,31,Male,Engineering,Software Engineer,7.4,9340.0,2,3,1,43.2,81.8,48.4,2,6,13.5,79.4,No,6.1,8,59.4,Low
EMP-0988,32,Male,Finance,Financial Analyst,7.2,9600.0,2,4,3,40.4,97.8,27.4,2,7,3.4,74.9,No,3.8,14,66.1,Medium
EMP-0989,34,Female,Finance,Auditor,10.3,13380.0,3,4,3,37.3,93.6,34.7,2,10,0.0,74.5,No,1.9,10,64.0,Medium
EMP-0990,31,Male,Marketing,Growth Manager,7.8,12480.0,3,3,2,43.2,86.1,14.9,1,10,16.2,65.0,No,6.0,7,61.3,Medium
EMP-0991,27,Male,Marketing,Growth Manager,5.2,11750.0,3,3,3,46.2,83.1,32.5,3,7,27.3,65.8,No,3.3,12,57.8,Low
EMP-0992,30,Non-Binary,Sales,Sales Manager,7.1,9630.0,2,1,2,44.4,91.8,18.5,1,7,25.6,89.9,Yes,4.0,11,62.5,Medium
EMP-0993,29,Male,Customer Support,Technical Support Engineer,9.5,10890.0,2,3,4,41.9,89.9,59.9,4,11,5.3,60.3,No,6.7,11,69.3,Medium
EMP-0994,27,Female,Operations,Logistics Coordinator,7.1,10490.0,2,4,2,38.9,96.8,76.0,5,8,0.0,63.1,Yes,4.0,7,71.0,Medium
EMP-0995,27,Female,Engineering,DevOps Engineer,4.0,7000.0,1,1,4,40.8,76.5,25.3,0,5,5.2,75.9,No,0.7,7,49.8,Low
EMP-0996,27,Male,Customer Support,Customer Success Manager,3.5,8910.0,2,4,3,39.5,94.0,17.7,0,6,0.0,77.1,Yes,2.7,12,68.3,Medium
EMP-0997,23,Female,Finance,Accountant,0.6,7250.0,2,5,4,36.7,82.4,31.4,2,4,0.0,58.1,No,0.4,10,57.8,Low
EMP-0998,23,Female,Operations,Operations Manager,3.5,6230.0,1,5,2,35.4,89.0,19.5,2,3,0.0,79.7,Yes,0.7,9,68.1,Medium
EMP-0999,24,Female,Finance,Accountant,4.7,6110.0,1,1,4,43.6,89.1,46.5,4,8,12.9,69.9,No,2.8,13,59.9,Low
EMP-1000,26,Male,Finance,Auditor,3.6,6280.0,1,4,2,43.8,89.0,25.1,2,6,24.6,93.6,Yes,0.9,8,72.0,Medium
EMP-1001,26,Male,Sales,Sales Executive,2.4,9050.0,2,4,3,32.6,96.1,32.9,3,6,0.0,75.5,No,0.8,7,58.5,Low
EMP-1002,50,Male,Sales,Account Executive,25.2,22350.0,5,4,5,38.1,88.9,9.0,0,22,0.0,74.4,No,7.1,8,66.5,Medium
EMP-1003,27,Male,Marketing,Marketing Specialist,5.4,8960.0,2,3,3,47.8,76.1,27.5,0,6,34.5,67.9,No,2.4,7,56.8,Low
EMP-1004,23,Male,Sales,Account Executive,3.5,6780.0,1,1,2,42.8,83.8,28.4,1,3,14.9,56.7,Yes,2.0,10,48.7,Low
EMP-1005,28,Female,Marketing,SEO Analyst,4.3,6070.0,1,4,3,37.7,99.1,63.1,4,5,0.0,74.2,No,3.1,5,76.5,Medium
EMP-1006,35,Female,Customer Support,Technical Support Engineer,12.1,13470.0,3,5,4,35.6,93.8,56.7,4,10,0.0,56.6,Yes,0.7,7,69.3,Medium
EMP-1007,21,Female,Human Resources,HR Specialist,1.2,5510.0,1,4,2,45.8,90.2,12.7,1,3,27.6,61.7,No,0.7,11,48.9,Low
EMP-1008,39,Female,Finance,Accountant,13.4,14710.0,3,3,3,46.4,91.2,59.4,4,12,22.6,83.5,No,1.3,17,72.2,Medium
EMP-1009,32,Other,Finance,Accountant,8.2,10430.0,2,3,4,44.8,89.5,47.7,2,8,26.3,75.4,No,4.7,9,72.8,Medium
EMP-1010,40,Female,Customer Support,Technical Support Engineer,13.8,16010.0,4,4,4,40.9,89.5,12.7,0,15,4.4,83.3,No,4.2,12,75.5,Medium
EMP-1011,34,Female,Operations,Process Lead,11.5,12920.0,3,3,3,44.6,97.1,72.8,4,10,21.3,74.3,No,7.3,11,73.1,Medium
EMP-1012,24,Female,Customer Support,Technical Support Engineer,2.7,7180.0,1,2,3,41.2,87.5,40.6,3,5,9.6,85.9,Yes,0.3,13,66.5,Medium
EMP-1013,25,Female,Operations,Operations Manager,3.6,6290.0,1,3,1,40.6,85.4,55.8,2,4,5.8,56.9,No,0.3,9,51.5,Low
EMP-1014,25,Female,Engineering,DevOps Engineer,4.2,6460.0,1,2,4,33.0,99.0,32.4,3,7,0.0,72.4,Yes,3.1,8,68.3,Medium
EMP-1015,28,Male,Sales,Account Executive,3.7,5620.0,1,5,3,48.4,94.2,40.1,2,3,38.1,77.8,No,0.6,8,63.8,Medium
EMP-1016,33,Female,Customer Support,Customer Success Manager,7.9,9660.0,2,3,2,43.5,87.7,35.6,2,8,11.6,80.0,No,0.9,5,65.2,Medium
EMP-1017,30,Female,Customer Support,Customer Success Manager,5.8,11190.0,3,3,5,46.1,95.6,38.4,3,8,23.4,61.6,Yes,5.1,9,69.9,Medium
EMP-1018,26,Male,Sales,Sales Executive,2.9,5720.0,1,2,2,39.8,67.2,52.1,2,7,0.0,81.0,Yes,2.5,11,56.8,Low
EMP-1019,28,Female,Sales,Sales Manager,5.9,11180.0,3,4,4,37.1,90.5,30.8,2,8,0.0,82.0,No,1.1,6,72.1,Medium
EMP-1020,30,Female,Customer Support,Support Specialist,9.0,10240.0,2,4,1,40.0,97.8,15.6,2,10,2.4,73.5,Yes,4.0,5,64.5,Medium
EMP-1021,22,Male,Operations,Operations Manager,2.8,7020.0,1,3,2,41.9,99.0,58.9,5,6,9.3,77.5,No,0.8,9,64.0,Medium
EMP-1022,32,Female,Human Resources,HR Specialist,7.5,11920.0,3,5,1,45.5,94.1,20.2,1,8,30.9,61.3,No,0.9,11,62.8,Medium
EMP-1023,49,Female,Human Resources,HR Specialist,22.1,21470.0,5,3,1,38.0,88.7,23.6,1,19,0.0,76.6,No,5.5,6,57.9,Low
EMP-1024,30,Male,Sales,Business Development Rep,6.1,9330.0,2,3,4,38.6,94.1,24.7,1,6,0.0,68.2,No,5.6,4,58.0,Low
EMP-1025,31,Male,Finance,Accountant,11.4,13560.0,3,4,1,47.8,99.4,41.9,3,14,32.8,83.9,No,4.2,7,74.9,Medium
EMP-1026,34,Female,Operations,Supply Chain Analyst,9.1,12920.0,3,5,3,50.7,95.8,32.8,3,9,48.3,84.1,No,1.9,7,79.3,Medium
EMP-1027,32,Female,Operations,Logistics Coordinator,10.2,13050.0,3,3,2,41.0,90.7,57.8,3,10,5.1,94.5,No,6.5,6,83.2,High
EMP-1028,26,Female,Engineering,Tech Lead,3.5,7230.0,1,3,2,45.6,93.4,10.1,0,7,22.8,77.1,No,1.4,6,62.9,Medium
EMP-1029,27,Non-Binary,Sales,Sales Executive,5.9,9090.0,2,4,2,45.7,93.5,69.2,4,5,23.6,89.2,No,3.6,11,88.6,High
EMP-1030,22,Male,Sales,Sales Manager,2.1,5000.0,1,5,1,39.3,94.5,83.3,6,4,0.3,78.9,No,1.5,7,75.6,Medium
EMP-1031,28,Female,Human Resources,HR Specialist,4.4,7940.0,2,3,3,37.1,88.2,34.8,1,6,0.0,69.0,No,2.7,8,60.6,Medium
EMP-1032,29,Female,Operations,Process Lead,5.7,9960.0,2,5,4,33.4,90.1,20.8,2,8,0.0,83.0,Yes,4.4,7,75.6,Medium
EMP-1033,24,Female,Sales,Business Development Rep,1.5,7750.0,2,1,3,40.1,94.0,42.5,4,2,2.7,63.7,Yes,0.9,7,52.1,Low
EMP-1034,25,Female,Marketing,Growth Manager,3.0,6210.0,1,3,3,41.7,91.0,109.5,7,7,11.4,75.7,No,0.7,7,70.0,Medium
EMP-1035,21,Female,Customer Support,Support Specialist,2.5,5900.0,1,4,2,44.2,80.0,64.2,3,6,14.3,38.0,No,1.7,11,60.3,Medium
EMP-1036,32,Female,Customer Support,Customer Success Manager,7.8,12070.0,3,4,3,41.1,77.3,15.0,0,7,0.0,82.3,No,3.1,10,64.3,Medium
EMP-1037,25,Male,Operations,Process Lead,2.1,5530.0,1,3,4,43.3,88.2,67.9,3,3,10.1,98.3,No,1.2,13,76.1,Medium
EMP-1038,29,Female,Human Resources,HR Business Partner,5.2,11860.0,3,1,1,46.7,93.1,63.5,5,7,31.1,72.3,No,4.7,9,59.3,Low
EMP-1039,43,Female,Human Resources,Compensation Analyst,16.5,17530.0,4,5,3,46.1,84.1,24.1,0,15,30.4,69.4,No,2.0,10,67.8,Medium
EMP-1040,27,Female,Customer Support,Support Specialist,1.9,6090.0,1,5,5,47.2,95.4,15.3,0,6,33.9,68.7,No,1.1,8,66.6,Medium
EMP-1041,26,Other,Customer Support,Customer Success Manager,6.2,9460.0,2,4,4,45.4,94.1,60.0,5,7,21.8,74.2,No,3.5,7,72.4,Medium
EMP-1042,27,Female,Marketing,Content Strategist,7.2,9510.0,2,2,3,34.2,88.7,43.3,4,10,0.0,79.9,Yes,4.4,12,74.3,Medium
EMP-1043,37,Female,Human Resources,HR Specialist,12.9,14130.0,3,4,3,43.8,94.5,63.5,4,12,13.3,82.3,No,3.1,9,76.5,Medium
EMP-1044,34,Male,Sales,Account Executive,9.8,12110.0,2,4,4,39.5,93.6,65.2,3,11,0.3,61.9,No,5.1,12,76.1,Medium
EMP-1045,26,Male,Sales,Account Executive,5.9,8970.0,2,2,2,50.8,91.6,24.8,2,7,43.8,78.1,No,2.6,9,52.0,Low
EMP-1046,34,Male,Operations,Logistics Coordinator,14.5,17180.0,4,3,3,37.9,90.3,44.6,4,16,0.0,80.0,Yes,5.6,7,75.2,Medium
EMP-1047,29,Non-Binary,Sales,Account Executive,5.0,11840.0,3,3,5,45.5,84.9,17.2,1,9,21.9,82.8,No,2.7,8,70.5,Medium
EMP-1048,27,Non-Binary,Engineering,Software Engineer,3.5,7890.0,2,1,1,41.2,95.9,15.3,2,7,2.9,67.4,No,1.3,7,49.4,Low
EMP-1049,23,Female,Operations,Logistics Coordinator,1.4,7920.0,2,5,2,39.4,90.8,18.1,2,3,0.0,95.2,No,0.9,8,67.7,Medium
EMP-1050,35,Male,Operations,Supply Chain Analyst,12.5,16320.0,4,4,1,52.8,93.7,19.0,1,15,55.0,72.2,No,4.3,5,53.2,Low
EMP-1051,32,Female,Marketing,Growth Manager,9.7,10270.0,2,4,4,41.5,91.1,29.0,3,9,8.4,68.4,No,4.2,8,66.4,Medium
EMP-1052,27,Male,Human Resources,Talent Acquisition Lead,2.9,6650.0,1,3,2,38.8,91.5,25.4,0,5,0.0,80.4,No,0.3,5,66.5,Medium
EMP-1053,25,Male,Customer Support,Customer Success Manager,2.0,6130.0,1,4,3,45.6,93.7,32.5,3,5,28.7,73.8,No,0.3,7,64.8,Medium
EMP-1054,27,Male,Human Resources,Talent Acquisition Lead,6.5,10010.0,2,3,3,44.6,95.5,16.0,0,6,15.6,88.5,Yes,0.3,9,75.4,Medium
EMP-1055,27,Male,Customer Support,Support Specialist,4.8,6960.0,1,3,4,37.4,97.3,35.2,3,8,0.0,68.9,No,4.8,11,68.0,Medium
EMP-1056,30,Female,Human Resources,Compensation Analyst,7.2,9930.0,2,1,3,37.1,95.7,21.3,2,7,0.0,61.6,No,3.1,10,48.7,Low
EMP-1057,22,Female,Customer Support,Customer Success Manager,2.2,7870.0,2,2,3,46.8,95.2,43.5,4,5,27.8,85.5,No,1.9,16,72.2,Medium
EMP-1058,37,Male,Marketing,Marketing Specialist,11.3,13820.0,3,4,1,35.3,97.3,40.3,2,10,0.0,80.4,Yes,3.9,8,75.5,Medium
EMP-1059,31,Female,Finance,Financial Analyst,6.9,10370.0,2,4,2,40.4,85.9,36.9,2,7,0.6,87.1,No,2.2,11,72.0,Medium
EMP-1060,22,Female,Marketing,Marketing Specialist,2.2,6180.0,1,3,4,47.1,93.5,38.7,3,6,31.2,63.1,No,1.3,10,60.1,Medium
EMP-1061,29,Female,Marketing,Marketing Specialist,8.5,9940.0,2,5,1,44.3,95.1,48.5,4,7,17.6,68.6,No,0.5,8,69.4,Medium
EMP-1062,25,Male,Sales,Sales Manager,3.2,7940.0,2,4,4,48.1,95.2,46.2,4,5,38.5,69.4,No,2.6,8,60.9,Medium
EMP-1063,27,Male,Operations,Supply Chain Analyst,2.2,6470.0,1,3,3,34.5,95.6,27.6,0,6,0.0,62.8,No,1.1,9,62.3,Medium
EMP-1064,28,Female,Customer Support,Support Specialist,5.4,8150.0,2,5,3,41.0,96.4,93.6,5,7,13.4,78.2,No,3.6,9,80.3,High
EMP-1065,25,Male,Sales,Business Development Rep,3.4,8790.0,2,4,3,40.4,94.3,12.2,1,7,2.6,74.1,No,0.6,8,64.0,Medium
EMP-1066,28,Female,Human Resources,HR Business Partner,5.4,8420.0,2,3,2,41.3,94.5,12.6,0,7,7.6,81.6,Yes,4.0,10,65.8,Medium
EMP-1067,31,Female,Engineering,Senior Software Engineer,8.8,10880.0,2,4,4,43.0,95.2,26.7,0,10,18.0,68.0,Yes,1.8,10,73.5,Medium
EMP-1068,26,Non-Binary,Customer Support,Technical Support Engineer,1.8,5180.0,1,5,2,41.0,95.7,15.7,0,5,13.1,72.4,No,1.7,9,66.3,Medium
EMP-1069,27,Female,Engineering,Tech Lead,6.7,10610.0,2,3,5,38.6,96.9,40.4,2,7,0.0,90.2,No,2.1,11,80.4,High
EMP-1070,39,Male,Marketing,SEO Analyst,12.8,16840.0,4,5,3,42.4,97.9,14.7,0,13,17.4,60.6,No,0.3,7,66.9,Medium
EMP-1071,26,Male,Sales,Sales Executive,4.0,6300.0,1,3,3,44.1,95.1,45.5,3,7,21.7,79.0,No,1.6,8,70.6,Medium
EMP-1072,28,Male,Engineering,Senior Software Engineer,3.3,5250.0,1,4,3,41.3,90.6,22.1,2,6,10.3,72.5,Yes,1.6,9,71.6,Medium
EMP-1073,26,Male,Marketing,Growth Manager,4.8,6480.0,1,3,3,43.1,84.5,31.0,1,8,15.9,58.4,Yes,2.2,7,60.0,Medium
EMP-1074,30,Female,Human Resources,Compensation Analyst,4.9,8610.0,2,4,1,44.1,96.1,25.5,2,7,20.4,56.1,Yes,3.1,5,48.3,Low
EMP-1075,28,Male,Human Resources,Talent Acquisition Lead,8.0,9740.0,2,3,3,39.2,83.6,5.0,0,7,0.0,72.2,Yes,1.3,8,56.9,Low
EMP-1076,21,Other,Operations,Logistics Coordinator,1.6,5360.0,1,2,3,44.2,87.4,87.2,7,3,19.3,81.0,No,1.1,11,69.8,Medium
EMP-1077,44,Female,Operations,Process Lead,18.0,18760.0,4,4,4,45.9,96.3,120.0,9,18,30.9,79.1,No,2.8,11,86.9,High
EMP-1078,36,Other,Engineering,Software Engineer,12.6,15260.0,4,4,3,44.8,91.7,7.5,0,12,18.2,93.7,Yes,7.3,6,80.4,High
EMP-1079,27,Female,Customer Support,Customer Success Manager,1.9,5470.0,1,3,5,41.8,86.7,9.2,0,4,1.5,58.8,No,1.5,6,59.4,Low
EMP-1080,26,Male,Operations,Process Lead,4.1,8040.0,1,3,2,41.5,99.5,56.2,5,4,6.9,73.5,No,2.6,7,64.2,Medium
EMP-1081,29,Female,Operations,Operations Manager,6.2,10350.0,2,3,1,42.1,93.9,15.7,1,8,8.5,80.8,No,0.4,11,62.7,Medium
EMP-1082,38,Female,Human Resources,HR Business Partner,13.3,14330.0,3,2,1,38.0,80.7,19.3,1,12,0.0,89.0,Yes,3.0,7,57.1,Low
EMP-1083,27,Male,Engineering,QA Engineer,3.4,7110.0,1,2,3,46.2,99.2,13.3,0,7,26.5,78.8,Yes,0.6,11,63.7,Medium
EMP-1084,26,Female,Customer Support,Customer Success Manager,5.1,8180.0,2,4,5,53.2,95.7,32.3,1,9,55.0,99.0,Yes,4.8,7,73.7,Medium
EMP-1085,27,Female,Engineering,Tech Lead,4.2,9020.0,2,2,3,40.8,77.5,44.5,2,7,4.2,99.0,Yes,3.8,10,68.3,Medium
EMP-1086,31,Female,Customer Support,Customer Success Manager,10.5,13660.0,3,5,4,42.4,99.4,35.7,3,13,13.3,82.2,No,5.9,12,78.8,Medium
EMP-1087,28,Female,Marketing,SEO Analyst,4.9,7270.0,1,4,5,35.5,97.5,35.9,2,5,0.0,60.5,No,4.6,9,63.5,Medium
EMP-1088,31,Male,Marketing,Marketing Specialist,7.9,10640.0,2,1,2,36.8,95.5,13.6,0,9,0.0,69.2,No,4.0,6,50.9,Low
EMP-1089,32,Male,Engineering,QA Engineer,6.9,9610.0,2,4,3,37.8,97.3,30.9,2,6,0.0,79.5,No,2.9,7,75.3,Medium
EMP-1090,26,Male,Marketing,Content Strategist,7.0,11730.0,3,3,3,40.8,99.1,15.3,2,8,4.4,69.5,Yes,6.2,3,63.0,Medium
EMP-1091,28,Male,Engineering,DevOps Engineer,2.9,6100.0,1,3,3,35.8,94.6,22.9,2,6,0.0,80.6,No,1.3,6,64.0,Medium
EMP-1092,27,Male,Marketing,Growth Manager,3.5,8630.0,2,1,2,45.8,99.0,29.5,2,4,30.3,81.6,No,1.8,5,56.2,Low
EMP-1093,24,Female,Human Resources,HR Specialist,3.6,6540.0,1,3,4,46.1,99.9,25.0,1,4,27.4,83.3,No,2.0,11,63.5,Medium
EMP-1094,23,Male,Engineering,Senior Software Engineer,3.7,7230.0,1,3,3,44.8,99.5,9.4,1,5,22.6,74.3,Yes,2.9,7,62.7,Medium
EMP-1095,27,Male,Sales,Sales Manager,3.7,6310.0,1,3,5,47.2,98.5,30.6,2,7,27.9,69.9,No,3.1,10,67.2,Medium
EMP-1096,36,Female,Sales,Account Executive,11.1,15550.0,4,4,3,38.8,72.5,25.8,1,11,0.0,65.1,No,0.4,8,52.8,Low
EMP-1097,27,Female,Engineering,DevOps Engineer,7.0,9480.0,2,2,2,45.7,72.9,40.9,1,6,25.9,70.0,Yes,2.1,7,53.6,Low
EMP-1098,22,Male,Sales,Sales Manager,2.7,8790.0,2,3,4,55.2,92.1,33.2,1,5,55.0,99.0,No,1.8,10,62.1,Medium
EMP-1099,27,Female,Marketing,Content Strategist,5.2,11170.0,3,3,3,47.8,97.3,21.2,0,5,32.2,78.7,No,3.8,8,62.5,Medium
EMP-1100,22,Male,Sales,Sales Executive,3.6,6480.0,1,4,5,39.7,90.7,15.4,1,3,0.8,73.6,No,3.1,3,58.1,Low
EMP-1101,32,Female,Customer Support,Technical Support Engineer,10.3,13340.0,3,3,4,44.5,95.9,22.3,1,10,24.4,60.0,Yes,6.7,9,63.3,Medium
EMP-1102,25,Male,Operations,Supply Chain Analyst,3.3,6600.0,1,1,2,43.4,97.9,25.5,2,5,17.4,81.8,No,0.9,9,58.6,Low
EMP-1103,28,Female,Marketing,Marketing Specialist,8.4,9890.0,2,5,3,45.8,83.8,17.3,2,10,25.8,82.5,No,1.5,9,70.1,Medium
EMP-1104,29,Male,Sales,Sales Executive,6.8,11840.0,3,3,3,39.3,93.1,42.5,3,10,0.0,65.8,Yes,3.6,10,70.2,Medium
EMP-1105,25,Male,Finance,Financial Analyst,5.2,11840.0,3,4,4,41.2,89.7,36.2,2,9,0.2,81.2,No,3.4,9,79.7,Medium
EMP-1106,24,Female,Engineering,DevOps Engineer,3.2,6670.0,1,3,1,46.3,94.0,34.6,1,4,29.5,77.9,Yes,1.5,12,54.0,Low
EMP-1107,26,Female,Finance,Financial Analyst,1.8,6230.0,1,2,1,36.8,95.1,32.1,1,2,0.0,72.6,No,1.2,4,56.1,Low
EMP-1108,24,Male,Operations,Operations Manager,2.1,6060.0,1,2,3,40.1,88.5,19.0,2,3,3.4,91.4,Yes,0.7,5,62.6,Medium
EMP-1109,28,Female,Operations,Supply Chain Analyst,6.5,9710.0,2,3,4,44.2,92.2,11.8,1,6,22.8,99.0,No,5.8,8,69.7,Medium
EMP-1110,28,Male,Marketing,Content Strategist,8.3,10070.0,2,3,2,40.7,97.8,24.1,0,10,9.2,85.2,Yes,7.0,7,71.4,Medium
EMP-1111,29,Female,Finance,Financial Analyst,4.1,6480.0,1,4,4,50.7,80.7,44.1,4,8,48.7,71.3,Yes,3.7,12,62.0,Medium
EMP-1112,22,Female,Sales,Account Executive,2.9,6490.0,1,4,3,44.5,90.3,13.3,0,7,21.9,70.7,No,0.7,10,59.5,Low
EMP-1113,32,Male,Finance,Accountant,7.8,11860.0,3,4,3,52.4,95.4,17.1,0,11,53.1,87.1,No,5.9,8,62.6,Medium
EMP-1114,29,Female,Engineering,QA Engineer,4.9,7940.0,2,3,3,42.7,96.7,36.7,1,8,9.7,58.6,No,3.1,10,62.9,Medium
EMP-1115,29,Female,Customer Support,Customer Success Manager,8.2,10540.0,2,2,1,42.5,88.6,14.9,0,7,12.4,69.1,No,6.6,6,44.8,Low
EMP-1116,27,Female,Finance,Finance Manager,5.5,9310.0,2,4,2,35.1,95.3,30.1,3,6,0.0,76.8,No,2.6,7,71.6,Medium
EMP-1117,31,Male,Customer Support,Support Specialist,7.3,10150.0,2,5,1,36.0,87.2,31.2,1,9,0.0,71.1,No,7.2,13,69.1,Medium
EMP-1118,27,Female,Operations,Logistics Coordinator,4.2,6290.0,1,4,4,38.1,98.6,52.5,2,6,0.0,71.8,No,2.0,8,74.6,Medium
EMP-1119,33,Female,Operations,Supply Chain Analyst,13.4,13280.0,3,4,4,41.5,96.4,14.1,1,11,6.2,90.5,No,3.6,12,75.9,Medium
EMP-1120,27,Female,Customer Support,Customer Success Manager,5.1,9100.0,2,3,4,38.7,89.1,49.7,4,9,1.1,65.7,No,3.9,9,68.4,Medium
EMP-1121,27,Female,Customer Support,Customer Success Manager,5.9,9840.0,2,5,5,40.3,97.9,7.0,0,7,8.4,70.0,Yes,1.7,10,64.6,Medium
EMP-1122,23,Male,Human Resources,HR Specialist,3.7,6150.0,1,4,3,44.7,89.3,18.6,0,4,26.7,63.3,Yes,2.1,11,63.0,Medium
EMP-1123,33,Male,Sales,Sales Manager,8.4,10830.0,2,4,3,43.6,98.6,22.4,2,9,22.4,85.5,No,1.7,4,77.7,Medium
EMP-1124,24,Female,Engineering,Senior Software Engineer,5.2,9100.0,2,2,2,41.2,89.2,45.4,3,7,2.9,80.6,Yes,3.4,9,64.9,Medium
EMP-1125,24,Male,Operations,Process Lead,2.9,6260.0,1,4,2,37.6,97.9,26.5,1,5,0.0,69.2,No,1.7,6,66.6,Medium
EMP-1126,35,Male,Operations,Process Lead,9.2,10840.0,2,3,5,52.7,91.0,38.3,1,8,54.5,99.0,Yes,2.3,8,65.2,Medium
EMP-1127,26,Male,Customer Support,Customer Success Manager,6.9,9660.0,2,5,4,35.8,95.7,28.6,1,6,0.0,74.1,Yes,6.7,7,79.4,Medium
EMP-1128,35,Female,Operations,Operations Manager,9.9,10880.0,2,4,2,35.9,96.8,43.8,2,11,0.0,61.2,Yes,0.7,8,72.8,Medium
EMP-1129,27,Female,Customer Support,Support Specialist,3.0,8930.0,2,2,3,50.1,98.7,16.4,1,7,38.4,71.5,No,2.4,12,47.6,Low
EMP-1130,30,Male,Operations,Logistics Coordinator,6.2,12070.0,3,3,3,43.8,94.5,43.2,4,6,20.1,66.3,No,5.7,6,61.8,Medium
EMP-1131,38,Female,Human Resources,HR Business Partner,15.9,18650.0,5,2,3,38.2,92.4,26.7,2,16,0.0,78.1,No,2.8,7,70.0,Medium
EMP-1132,29,Female,Sales,Account Executive,7.0,10200.0,2,3,2,37.1,82.5,35.7,3,10,0.0,78.7,No,4.7,8,63.8,Medium
EMP-1133,25,Female,Human Resources,HR Business Partner,1.5,6230.0,1,2,2,36.6,94.0,102.7,8,6,0.0,64.8,No,0.4,8,65.2,Medium
EMP-1134,21,Male,Engineering,DevOps Engineer,0.5,5080.0,1,5,3,50.2,75.8,33.8,1,5,46.5,75.7,No,0.3,7,52.7,Low
EMP-1135,29,Male,Marketing,Growth Manager,8.7,9720.0,2,5,3,40.3,79.5,37.6,2,9,4.7,89.5,No,7.8,7,75.7,Medium
EMP-1136,27,Female,Sales,Sales Executive,6.4,10230.0,2,4,3,52.1,73.7,20.5,2,6,55.0,80.5,No,5.4,10,44.8,Low
EMP-1137,24,Male,Finance,Accountant,2.6,5990.0,1,1,2,46.0,96.2,37.2,2,7,24.3,70.1,No,0.7,7,57.5,Low
EMP-1138,21,Male,Sales,Account Executive,2.7,8230.0,2,2,4,36.4,93.8,100.1,6,6,0.0,79.1,No,0.9,7,70.5,Medium
EMP-1139,29,Male,Operations,Logistics Coordinator,8.2,10450.0,2,3,1,38.4,71.6,16.2,1,11,0.0,67.2,Yes,4.3,14,62.4,Medium
EMP-1140,33,Male,Engineering,QA Engineer,12.0,13640.0,3,4,4,41.8,97.2,55.9,2,12,7.4,77.0,No,3.0,8,82.1,High
EMP-1141,29,Male,Operations,Supply Chain Analyst,5.2,9030.0,2,4,2,48.1,82.8,50.7,2,8,32.5,72.0,Yes,2.2,8,65.6,Medium
EMP-1142,32,Female,Human Resources,HR Specialist,10.5,13100.0,3,3,3,38.5,91.7,17.0,1,10,0.0,83.8,No,0.7,10,65.5,Medium
EMP-1143,29,Male,Sales,Sales Manager,5.7,11390.0,3,2,2,31.7,96.8,32.7,2,6,0.0,59.7,Yes,0.3,14,51.6,Low
EMP-1144,32,Male,Operations,Logistics Coordinator,9.2,12970.0,3,5,3,42.7,93.6,32.9,2,10,12.5,80.0,Yes,4.6,6,75.6,Medium
EMP-1145,30,Female,Sales,Business Development Rep,10.4,15830.0,4,4,3,44.1,84.3,17.6,0,13,20.2,71.1,Yes,2.3,4,66.2,Medium
EMP-1146,31,Female,Customer Support,Technical Support Engineer,10.3,13600.0,3,3,3,42.4,87.1,17.1,2,13,12.6,60.7,Yes,0.2,12,54.9,Low
EMP-1147,27,Male,Customer Support,Technical Support Engineer,3.6,5900.0,1,4,2,33.1,91.1,20.3,1,6,0.0,56.5,No,3.0,9,59.8,Low
EMP-1148,30,Male,Customer Support,Support Specialist,7.8,9910.0,2,3,5,44.0,91.1,47.3,4,10,17.3,59.4,No,4.5,8,67.2,Medium
EMP-1149,40,Male,Customer Support,Support Specialist,16.0,17660.0,4,3,4,39.4,93.3,40.9,3,17,3.7,69.6,No,5.2,11,75.4,Medium
EMP-1150,34,Female,Sales,Business Development Rep,14.5,13980.0,3,3,1,32.2,98.9,31.2,2,13,0.0,55.1,No,3.9,8,58.3,Low
EMP-1151,31,Female,Operations,Operations Manager,7.1,10450.0,2,5,4,44.0,91.7,102.7,6,7,13.6,84.2,No,4.4,5,81.0,High
EMP-1152,33,Male,Finance,Financial Analyst,10.1,12890.0,3,4,2,48.3,99.8,45.1,3,10,38.4,91.5,No,7.9,8,67.6,Medium
EMP-1153,28,Other,Human Resources,Talent Acquisition Lead,6.3,9600.0,2,4,4,43.0,98.8,8.5,0,9,14.1,68.3,No,3.2,12,67.8,Medium
EMP-1154,23,Female,Human Resources,HR Business Partner,3.2,6870.0,1,4,4,39.6,87.1,30.8,1,5,0.0,64.1,No,2.3,8,57.2,Low
EMP-1155,29,Female,Marketing,Marketing Specialist,4.0,6750.0,1,4,3,42.8,95.5,26.8,1,6,14.3,75.6,No,0.9,4,67.2,Medium
EMP-1156,37,Female,Engineering,DevOps Engineer,13.9,14370.0,3,5,4,48.7,88.0,33.5,2,15,41.4,81.3,No,4.6,8,80.6,High
EMP-1157,21,Female,Operations,Process Lead,1.2,4780.0,1,4,3,36.5,99.4,46.5,3,1,0.0,71.2,No,0.4,6,66.4,Medium
EMP-1158,32,Male,Sales,Account Executive,8.2,12650.0,3,4,2,32.5,96.1,56.2,3,7,0.0,75.7,Yes,4.1,10,74.5,Medium
EMP-1159,24,Male,Engineering,Tech Lead,2.6,5990.0,1,4,3,42.8,97.4,10.4,1,6,13.7,62.2,No,2.1,7,53.5,Low
EMP-1160,33,Male,Marketing,Marketing Specialist,11.5,12700.0,3,3,1,29.9,89.0,49.2,4,11,0.0,84.2,No,5.3,9,68.4,Medium
EMP-1161,28,Female,Operations,Logistics Coordinator,5.4,10450.0,2,2,2,43.7,86.4,36.3,3,8,22.3,71.6,No,2.8,11,55.9,Low
EMP-1162,23,Female,Engineering,DevOps Engineer,3.6,9230.0,2,2,4,40.7,94.1,6.3,1,4,6.2,95.7,No,3.4,5,65.7,Medium
EMP-1163,22,Male,Customer Support,Customer Success Manager,2.7,6220.0,1,3,3,50.4,95.2,37.5,2,6,46.6,78.1,No,1.4,10,50.6,Low
EMP-1164,37,Male,Customer Support,Technical Support Engineer,11.8,13940.0,3,3,4,40.5,96.0,17.4,2,10,6.9,68.7,Yes,1.9,9,75.9,Medium
EMP-1165,25,Male,Engineering,QA Engineer,2.8,8510.0,2,3,1,40.2,98.8,29.2,1,5,2.3,92.3,No,2.6,11,68.7,Medium
EMP-1166,33,Female,Operations,Supply Chain Analyst,11.0,15170.0,4,2,3,49.1,92.1,24.0,0,11,42.6,58.8,No,3.9,11,54.8,Low
EMP-1167,26,Male,Human Resources,HR Specialist,5.8,8740.0,2,2,4,44.9,92.7,11.3,1,5,25.6,57.8,Yes,5.6,10,51.1,Low
EMP-1168,29,Male,Operations,Supply Chain Analyst,4.4,6310.0,1,2,4,42.0,91.2,10.4,0,7,13.4,81.6,No,2.2,17,57.1,Low
EMP-1169,31,Female,Customer Support,Customer Success Manager,8.4,12940.0,3,1,4,44.9,99.4,75.9,6,7,22.6,72.0,No,6.3,6,68.2,Medium
EMP-1170,29,Male,Finance,Accountant,5.3,8690.0,2,4,2,38.9,94.7,21.7,1,8,0.0,78.7,No,3.9,9,65.7,Medium
EMP-1171,30,Female,Customer Support,Technical Support Engineer,5.3,9700.0,2,5,5,42.2,97.1,53.4,2,9,14.2,87.4,No,5.0,13,86.8,High
EMP-1172,26,Male,Marketing,SEO Analyst,5.4,8740.0,2,4,3,33.5,81.9,25.2,0,7,0.0,59.9,No,4.4,12,62.7,Medium
EMP-1173,26,Female,Operations,Logistics Coordinator,5.7,9180.0,2,3,2,47.1,80.5,43.5,3,5,27.5,85.9,No,1.4,9,52.6,Low
EMP-1174,28,Female,Sales,Sales Executive,3.1,8530.0,2,3,3,40.2,95.9,21.3,2,6,2.8,59.0,No,2.8,9,62.2,Medium
EMP-1175,37,Female,Human Resources,HR Specialist,11.2,13470.0,3,4,4,40.1,93.7,53.0,2,9,4.7,73.2,Yes,1.9,8,75.4,Medium
EMP-1176,27,Female,Marketing,Marketing Specialist,6.1,11210.0,3,5,4,46.7,90.2,44.7,4,8,29.9,62.7,No,5.0,10,69.0,Medium
EMP-1177,26,Male,Operations,Operations Manager,3.6,7090.0,1,5,2,39.1,98.5,34.5,3,6,0.0,67.8,No,0.5,8,66.8,Medium
EMP-1178,27,Male,Human Resources,Compensation Analyst,2.3,6330.0,1,3,4,42.9,99.3,41.2,3,2,15.0,97.7,No,1.5,9,73.4,Medium
EMP-1179,26,Male,Sales,Sales Executive,3.7,7040.0,1,2,4,33.7,96.4,21.0,0,3,0.0,60.6,No,0.9,11,53.3,Low
EMP-1180,29,Female,Finance,Auditor,9.7,10900.0,2,3,5,48.5,89.3,15.3,0,12,41.2,92.0,No,1.0,6,71.3,Medium
EMP-1181,21,Male,Marketing,SEO Analyst,1.5,7760.0,2,5,4,37.8,91.5,34.7,1,5,0.0,69.8,No,1.0,10,67.2,Medium
EMP-1182,28,Female,Operations,Logistics Coordinator,4.6,8980.0,2,3,2,41.4,92.2,22.6,1,4,7.8,61.9,Yes,1.0,8,56.3,Low
EMP-1183,28,Female,Sales,Business Development Rep,3.5,6300.0,1,2,3,42.4,95.3,18.8,2,3,11.5,81.5,No,0.6,6,59.6,Low
EMP-1184,29,Male,Customer Support,Technical Support Engineer,7.3,10200.0,2,2,2,40.9,86.2,46.5,4,9,4.6,65.5,Yes,6.9,8,61.9,Medium
EMP-1185,32,Male,Operations,Operations Manager,8.5,10480.0,2,3,2,35.8,95.2,34.9,2,8,0.0,87.6,No,6.1,14,74.0,Medium
EMP-1186,38,Male,Human Resources,Compensation Analyst,13.4,14260.0,3,5,4,44.1,94.8,26.5,2,14,19.0,88.9,No,7.4,6,81.5,High
EMP-1187,38,Female,Finance,Financial Analyst,16.1,19160.0,5,3,2,50.3,95.4,10.0,0,13,45.8,63.2,No,5.7,5,58.5,Low
EMP-1188,32,Female,Engineering,QA Engineer,9.0,13400.0,3,3,2,45.3,92.3,67.1,5,9,28.8,63.0,No,5.2,11,67.6,Medium
EMP-1189,28,Male,Finance,Accountant,5.4,12560.0,3,3,2,42.6,97.6,68.0,4,6,16.6,88.5,No,1.5,11,78.1,Medium
EMP-1190,37,Male,Sales,Account Executive,12.1,13650.0,3,2,2,37.0,91.9,10.3,0,10,0.0,84.3,No,4.1,16,71.8,Medium
EMP-1191,21,Female,Human Resources,HR Specialist,1.1,5720.0,1,3,2,46.4,93.4,20.7,2,5,28.7,50.5,Yes,0.3,12,47.7,Low
EMP-1192,35,Male,Customer Support,Customer Success Manager,15.0,17750.0,4,3,3,42.6,94.9,38.5,1,16,7.8,78.3,Yes,2.6,9,77.3,Medium
EMP-1193,36,Female,Finance,Auditor,12.1,16820.0,4,4,3,47.1,99.4,10.8,0,14,30.3,84.1,No,1.8,4,79.1,Medium
EMP-1194,29,Male,Human Resources,HR Specialist,5.7,8790.0,2,5,4,42.2,91.3,35.1,3,5,8.8,90.6,Yes,1.0,6,74.2,Medium
EMP-1195,37,Female,Customer Support,Customer Success Manager,11.1,13140.0,3,3,1,46.2,97.8,22.3,1,13,28.2,82.4,No,1.3,13,72.5,Medium
EMP-1196,33,Female,Customer Support,Technical Support Engineer,8.5,10390.0,2,5,1,41.3,99.9,29.6,1,8,9.9,63.9,Yes,4.2,6,64.0,Medium
EMP-1197,25,Male,Customer Support,Support Specialist,2.6,6380.0,1,3,3,40.4,94.8,73.5,6,5,1.6,76.4,No,0.3,8,73.2,Medium
EMP-1198,36,Female,Customer Support,Customer Success Manager,14.1,14160.0,3,3,4,37.4,98.5,66.0,4,16,0.0,46.2,No,1.4,10,68.6,Medium
EMP-1199,34,Male,Human Resources,HR Specialist,11.1,15430.0,4,5,3,35.3,98.2,34.2,1,10,0.0,83.5,No,4.7,7,81.7,High
EMP-1200,25,Male,Finance,Finance Manager,5.0,9510.0,2,4,2,42.5,91.8,50.7,2,5,10.0,73.9,No,1.6,3,64.5,Medium
